165256.0^Mess Of Blues,,,,,,,,
116912.0^A3C, Vol. 2,,,,,,,
116933.0^Fuck Under the Mistletoe,,,,,,,,
142351.0^Worldwide,,,,,,,,
122892.0^.Wav Theory,,,,,,,,
214129.0^Above the City,,,,,,,,
241552.0^Another Time, Another Place,,,,,,,
119734.0^[mausoleum ep],,,,,,,,
266417.0^At the End of a Perfect Day,,,,,,,,
150170.0^Hello Big Man,,,,,,,,
240965.0^The Bear,,,,,,,,
677979.0^Pure 70s,,,,,,,,
447894.0^The Hustler,,,,,,,,
777930.0^53rd State Of Mind,,,,,,,,
115222.0^Winner Of Your Heart,,,,,,,,
244151.0^The Gathering,,,,,,,,
111626.0^Still Searching,,,,,,,,
46684.0^Tri-Polar,,,,,,,,
202326.0^Beloved Enemy,,,,,,,,
118669.0^Editor Foods℠,,,,,,,,
182074.0^Explores Your Mind,,,,,,,,
169512.0^Swansong,,,,,,,,
243252.0^Slips and Tangles,,,,,,,,
121809.0^Fear and Loathing in Marietta ,,,,,,,,
798475.0^Rebel Heart (Super Deluxe Edition),,,,,,,,
183579.0^Nocturnal Nomad,,,,,,,,
174340.0^Alive & Awake,,,,,,,,
227410.0^Losing at Life,,,,,,,,
201539.0^Messiah of Confusion,,,,,,,,
265593.0^Psychic Cat,,,,,,,,
191836.0^Trent Willmon,,,,,,,,
847678.0^B-Sides,,,,,,,,
7060.0^Godlike,,,,,,,,
140349.0^Stratagem,,,,,,,,
130303.0^East of the Sun, West of the Moon,,,,,,,
209937.0^C21,,,,,,,,
224676.0^Ores & Minerals,,,,,,,,
878492.0^Walk Amongst the Living,,,,,,,,
119442.0^CASH4GOLD,,,,,,,,
253543.0^My Honky Tonk History,,,,,,,,
214031.0^The Coolest Kidz Bop Christmas Ever,,,,,,,,
39892.0^Atomizer,,,,,,,,
244274.0^Just Before the Bullets Fly,,,,,,,,
800462.0^Ride Out (Deluxe Edition),,,,,,,,
107319.0^Everything Will Be Alright in the End,,,,,,,,
637211.0^Singing My Songs,,,,,,,,
239816.0^Song for the Underdog,,,,,,,,
150290.0^Reckless,,,,,,,,
64227.0^Can’t Take That Away From Me - Mixtape,,,,,,,,
75576.0^Keasbey Nights,,,,,,,,
38762.0^Open Season,,,,,,,,
255233.0^Love and Affection,,,,,,,,
159726.0^Readymades,,,,,,,,
175871.0^Cut Like Diamonds EP,,,,,,,,
180448.0^Twice Removed from Yesterday,,,,,,,,
113398.0^Babbitt,,,,,,,,
160878.0^Fires at Midnight,,,,,,,,
231763.0^Eternalizer,,,,,,,,
273782.0^Frailty,,,,,,,,
133050.0^Crystal Days 1979-1999 (disc 4) ,,,,,,,,
175589.0^Automagic,,,,,,,,
284091.0^Boom,,,,,,,,
259500.0^Clocktower Park,,,,,,,,
255999.0^Sinner,,,,,,,,
657060.0^Like to Get to Know You,,,,,,,,
197546.0^Kiss My Apocalypse,,,,,,,,
132741.0^The Alesha Show,,,,,,,,
224269.0^Random’s Manifest,,,,,,,,
24133.0^Swoon,,,,,,,,
28622.0^Understanding ,,,,,,,,
212195.0^In the Name of Metal,,,,,,,,
112130.0^A Coloring Storybook and Long Playing Record,,,,,,,,
200214.0^LifeLines,,,,,,,,
186322.0^Fiction In Photographs,,,,,,,,
251225.0^Till I Loved You,,,,,,,,
118162.0^Waiting For The Dawn,,,,,,,,
217823.0^Cream,,,,,,,,
116249.0^Mountain Music,,,,,,,,
168722.0^that dog.,,,,,,,,
89789.0^Painkiller,,,,,,,,
283136.0^The EP Collection,,,,,,,,
326646.0^The Bonniwell Music Machine,,,,,,,,
187902.0^Crash Me,,,,,,,,
4922.0^La Bella Mafia,,,,,,,,
258163.0^Afar,,,,,,,,
205119.0^Latex Cult,,,,,,,,
458504.0^Just Between You and Me,,,,,,,,
113896.0^The Living Daylights,,,,,,,,
133577.0^Hairway to Steven ,,,,,,,,
162477.0^Antenna To The Afterworld,,,,,,,,
180500.0^Doesn’t Play Well With Others,,,,,,,,
215711.0^Incisions of Perverse Debauchery,,,,,,,,
138202.0^The Shakka Crown Affair,,,,,,,,
171344.0^Follow the Flames,,,,,,,,
312090.0^Funk All Y’all,,,,,,,,
26748.0^Breaker,,,,,,,,
192873.0^Boyish Story,,,,,,,,
231176.0^Hailstorm,,,,,,,,
196106.0^Disidencia Inquebrantable,,,,,,,,
126016.0^Solitude/Solitaire,,,,,,,,
246879.0^It’s All Just Pretend,,,,,,,,
210064.0^Time Will Tell,,,,,,,,
131402.0^Singin’ in the Summer Sun,,,,,,,,
204622.0^Moribund,,,,,,,,
315841.0^Streetlife,,,,,,,,
550138.0^NOW That’s What I Call Music! 17 [UK],,,,,,,,
111670.0^Dead Throne,,,,,,,,
218872.0^Hag Songs,,,,,,,,
180741.0^Man of Many Moons,,,,,,,,
170157.0^Change,,,,,,,,
230037.0^Room of Lights,,,,,,,,
236994.0^Human Nature,,,,,,,,
155714.0^Bread and Circus,,,,,,,,
257785.0^New Memory,,,,,,,,
125658.0^This Island,,,,,,,,
413785.0^Gnomeo & Juliet (Original Soundtrack),,,,,,,,
52666.0^Judge Jerrod and the Hung Jury,,,,,,,,
120088.0^Somewhere in Time,,,,,,,,
261785.0^Amazing Love,,,,,,,,
306842.0^Home Cookin’,,,,,,,,
185529.0^...And Darkness Drowned the Land Divine,,,,,,,,
286158.0^Via Gnosis,,,,,,,,
64262.0^The Things We Think We’re Missing,,,,,,,,
166631.0^Overton Trees,,,,,,,,
175929.0^Exchanging Truth for a Lie,,,,,,,,
154866.0^Julius Caesar,,,,,,,,
261043.0^Ending Forever,,,,,,,,
39104.0^The Richest Man in Babylon,,,,,,,,
183631.0^Mutabor,,,,,,,,
45338.0^Everything Must Go,,,,,,,,
117373.0^Scars,,,,,,,,
82964.0^The Ghost of the Mountain,,,,,,,,
173318.0^Back in the D.H.S.S. / The Trumpton Riots E.P.,,,,,,,,
122622.0^Remedy ,,,,,,,,
6179.0^Unpredictable,,,,,,,,
130302.0^Stay On These Roads,,,,,,,,
189975.0^Where Sleeplessness Is Rest from Nightmares,,,,,,,,
659438.0^Rise,,,,,,,,
184172.0^Zombies,,,,,,,,
167178.0^Live Songs & Stories,,,,,,,,
234186.0^Gracious Tide, Take Me Home,,,,,,,
269388.0^Family Bloodbath,,,,,,,,
211913.0^A Hiding Place for Fake Friends,,,,,,,,
72987.0^Mad Mad World,,,,,,,,
910395.0^Sings for Lovers and Losers,,,,,,,,
240614.0^The Bachelors,,,,,,,,
232390.0^The Aviary,,,,,,,,
190300.0^Riposte,,,,,,,,
207789.0^Captured,,,,,,,,
232963.0^Contact! Contact!,,,,,,,,
17678.0^The Lateness of the Hour,,,,,,,,
210175.0^Sparkle in the Finish,,,,,,,,
176860.0^GoesAroundComesAround,,,,,,,,
166932.0^Out to Every Nation,,,,,,,,
211190.0^There Is Only One Roy Orbison,,,,,,,,
150866.0^Rage,,,,,,,,
167214.0^Ears Will Pop & Eyes Will Blink,,,,,,,,
236751.0^Last Goodbye,,,,,,,,
131656.0^Scarecrow,,,,,,,,
226825.0^Abstract Theory,,,,,,,,
726604.0^Framed In Blood - The Very Blessed Of,,,,,,,,
202648.0^Wasted in America,,,,,,,,
124728.0^CR5,,,,,,,,
212761.0^Unnatural Selection,,,,,,,,
197933.0^The Birth,,,,,,,,
210639.0^Fate of a Dreamer,,,,,,,,
89720.0^Wowee Zowee,,,,,,,,
50748.0^Magnum Opus,,,,,,,,
208099.0^Buzzard,,,,,,,,
196169.0^White Sheep,,,,,,,,
145830.0^Invader,,,,,,,,
173560.0^The Bouncing Souls,,,,,,,,
236769.0^Tree Bursts in Snow,,,,,,,,
206693.0^Original Album Classics,,,,,,,,
225560.0^Down the Road,,,,,,,,
163274.0^Hotel Paper,,,,,,,,
121816.0^Snubnose Monkeys,,,,,,,,
30973.0^York,,,,,,,,
118374.0^Blue Smoke,,,,,,,,
239454.0^Flies Will Starve,,,,,,,,
7841.0^Quo,,,,,,,,
166493.0^Gurd,,,,,,,,
115393.0^Lost Dogs + Mixed Blessings,,,,,,,,
119958.0^Big Dark Love,,,,,,,,
257303.0^That’s Me in the Bar,,,,,,,,
207818.0^Good Morning Midnight,,,,,,,,
37819.0^A Love Story,,,,,,,,
201160.0^Mono... or Will It Ever Be the Way It Used to Be,,,,,,,,
202870.0^Doyle Bramhall II,,,,,,,,
186667.0^The Ventriloquist,,,,,,,,
105193.0^90125,,,,,,,,
189513.0^Megatop Phoenix,,,,,,,,
122241.0^Jana Kramer,,,,,,,,
122436.0^You Should Be Here,,,,,,,,
258562.0^Honey on My Grave,,,,,,,,
366939.0^Madagascar: Escape 2 Africa (Music from the Motion Picture),,,,,,,,
206541.0^God of Infinite Worth,,,,,,,,
250680.0^Changes,,,,,,,,
200899.0^Casey Donahew Band,,,,,,,,
182614.0^Harvest Train,,,,,,,,
281291.0^Boomslang,,,,,,,,
192422.0^Lessons in Love,,,,,,,,
208519.0^Nightmare Before Christmas,,,,,,,,
191106.0^Blues for Greeny,,,,,,,,
164751.0^Anthems of the Damned,,,,,,,,
273571.0^I Trust You to Kill Me,,,,,,,,
210284.0^Sub Mira,,,,,,,,
193482.0^Burl Ives Sings Little White Duck and Other Children’s Favorites,,,,,,,,
122778.0^ROZZ DYLIAMS,,,,,,,,
240523.0^Un Día Perfecto,,,,,,,,
245299.0^Partners, Brothers and Friends,,,,,,,
192002.0^Let’s Stay Together,,,,,,,,
225986.0^Soria Moria Slott,,,,,,,,
225566.0^The Fastest Kid Alive,,,,,,,,
116666.0^Mellow,,,,,,,,
244749.0^In Our Nature,,,,,,,,
180616.0^The Rest of the Dream,,,,,,,,
181284.0^Streets of Heaven,,,,,,,,
126076.0^Destination Anywhere,,,,,,,,
115513.0^Billy Gilman,,,,,,,,
172452.0^To Get Her Together,,,,,,,,
201041.0^Slave to the Machine,,,,,,,,
276408.0^Double Diamond,,,,,,,,
212197.0^Hope,,,,,,,,
270088.0^Twisted by Design,,,,,,,,
180348.0^For(n)ever,,,,,,,,
112906.0^TMRW, TMRW II,,,,,,,
122514.0^Range Anxiety,,,,,,,,
118432.0^Will’s EP,,,,,,,,
190389.0^The Penthouse Tapes,,,,,,,,
14419.0^Enter the Circle,,,,,,,,
311319.0^Lost Voices...,,,,,,,,
238837.0^Everybody’s Day,,,,,,,,
188302.0^Long John Silver,,,,,,,,
261424.0^I Have Another Wank and I Have Another Cry,,,,,,,,
39543.0^Last Days At The Lodge,,,,,,,,
168037.0^Dinamoneyezed,,,,,,,,
292177.0^The Early Learnings of Eugene McGuinness,,,,,,,,
235150.0^Tales of Mystery and Imagination: Edgar Allan Poe,,,,,,,,
208311.0^Beyond Earth,,,,,,,,
139714.0^Varieté,,,,,,,,
241095.0^Dirt Dealership,,,,,,,,
119913.0^Nine Black Poppies ,,,,,,,,
182753.0^Second Album,,,,,,,,
150989.0^Closer to the Sun,,,,,,,,
198393.0^King of Conflict,,,,,,,,
577970.0^En Concert,,,,,,,,
552185.0^This Ain’t Hollywood,,,,,,,,
214795.0^Tender Is the Night,,,,,,,,
167082.0^Sign of Doom,,,,,,,,
210409.0^Highway 377,,,,,,,,
245117.0^Breaking the Silence,,,,,,,,
240686.0^Best Kept Secret,,,,,,,,
114879.0^Greetings From California,,,,,,,,
130378.0^The Woman I Am ,,,,,,,,
284772.0^All Hail,,,,,,,,
122171.0^Quarter Moon in a Ten Cent Town,,,,,,,,
364777.0^Just No Other Way,,,,,,,,
235444.0^Reach for the Sun: B-Sides,,,,,,,,
270634.0^Simply Streisand,,,,,,,,
118701.0^America, I Believe in You,,,,,,,
117799.0^King of Horrorcore,,,,,,,,
165526.0^Different Perpective™,,,,,,,,
122781.0^Sacrifice,,,,,,,,
200692.0^Another Side,,,,,,,,
266933.0^Smoke Machine,,,,,,,,
238359.0^Whispered And Shouted,,,,,,,,
240961.0^Killers and Stars,,,,,,,,
267555.0^Only Inhuman,,,,,,,,
142071.0^Stop Talking,,,,,,,,
283934.0^Compositions - A Decade of Song,,,,,,,,
112870.0^...And Star Power,,,,,,,,
268835.0^Read My Sign,,,,,,,,
200321.0^Teenage Love,,,,,,,,
195935.0^Incoming,,,,,,,,
195790.0^Insh’ Allah: The Music of Lion’s Blood,,,,,,,,
218370.0^The Mamas & the Papas,,,,,,,,
74478.0^Mama Said,,,,,,,,
211611.0^Big Mama’s Door,,,,,,,,
215832.0^How Did You Find Me Here,,,,,,,,
209543.0^Denim and Leather,,,,,,,,
120778.0^Stronger,,,,,,,,
225902.0^Cowboy Poems Free,,,,,,,,
199022.0^Dark Foil,,,,,,,,
205039.0^Flyday,,,,,,,,
295000.0^Earthwords & Music,,,,,,,,
192168.0^Dinner for One,,,,,,,,
6236.0^I Know,,,,,,,,
272532.0^Feverish Dreams,,,,,,,,
304744.0^Johnny Aloha - Lavapalooza,,,,,,,,
29865.0^Chicago,,,,,,,,
207885.0^People Press Play,,,,,,,,
192659.0^Vox Humana,,,,,,,,
265295.0^Hometown,,,,,,,,
116190.0^The Unveiling,,,,,,,,
174563.0^Dedicated to…,,,,,,,,
101702.0^3LW,,,,,,,,
180982.0^Don’t Look Back,,,,,,,,
166956.0^New Clear Child,,,,,,,,
118124.0^The Fury of The Aquabats!,,,,,,,,
265969.0^Dead Words Speak,,,,,,,,
179486.0^QUEENDOM,,,,,,,,
135159.0^Reckless ,,,,,,,,
227424.0^Necrogod,,,,,,,,
11958.0^J.E. Heartbreak,,,,,,,,
155563.0^Welcome the Night,,,,,,,,
348906.0^This Is Jonna Lee,,,,,,,,
201434.0^In Love Again: The Music of Richard Rodgers,,,,,,,,
122811.0^Hello World,,,,,,,,
170592.0^The Chain,,,,,,,,
112603.0^Punk Goes Pop Volume 4,,,,,,,,
203734.0^The One You Need,,,,,,,,
382929.0^Decade,,,,,,,,
189542.0^The Return of... Martha Splatterhead,,,,,,,,
163838.0^Goodbye To The Age Of Steam,,,,,,,,
193823.0^Ingram Hill,,,,,,,,
35080.0^Hotel Cabana,,,,,,,,
105143.0^The Aeroplane Flies High,,,,,,,,
205303.0^Rocksteady,,,,,,,,
833344.0^Where Is Love,,,,,,,,
116626.0^Townes Van Zandt ,,,,,,,,
186023.0^A Gypsy’s Home: Songs of the Roving Life,,,,,,,,
231637.0^Torturous Inception,,,,,,,,
647951.0^ Slim Whitman Sings ,,,,,,,,
257985.0^Of Magic Illusions,,,,,,,,
120866.0^3RDEYE The EP,,,,,,,,
191159.0^Empire Theory,,,,,,,,
133048.0^Crystal Days 1979-1999 (disc 2) ,,,,,,,,
249784.0^Feather & Stone,,,,,,,,
249866.0^Nowhere Girl,,,,,,,,
26615.0^The Understanding,,,,,,,,
164602.0^Just Being Myself,,,,,,,,
129934.0^Frank Zappa Meets the Mothers of Prevention,,,,,,,,
143147.0^The Evolution of Chaos,,,,,,,,
170233.0^The Heat,,,,,,,,
249447.0^Songs in Red and Gray,,,,,,,,
116053.0^Level 1,,,,,,,,
254590.0^…Then…,,,,,,,,
11073.0^The Guest,,,,,,,,
324788.0^The Way We Were,,,,,,,,
253169.0^Little Eve,,,,,,,,
218633.0^Rumble,,,,,,,,
124946.0^80 Bars EP,,,,,,,,
310820.0^Concrete Waves,,,,,,,,
191531.0^Here’s to the People,,,,,,,,
238277.0^Static,,,,,,,,
112907.0^Selected Letters,,,,,,,,
162367.0^Get RID!,,,,,,,,
119783.0^Between,,,,,,,,
96036.0^The Mickstape,,,,,,,,
169044.0^A Case for the Blues,,,,,,,,
198953.0^Problematic,,,,,,,,
231439.0^Viaggio in Italia,,,,,,,,
274330.0^Songs of the West,,,,,,,,
248487.0^Artificial Flavors,,,,,,,,
528591.0^One Life One Soul - Best Of Ballads,,,,,,,,
19938.0^Flamers 2,,,,,,,,
245153.0^Novella of Uriel,,,,,,,,
220406.0^Britney 2.0,,,,,,,,
964328.0^Old Boots, New Dirt (Target Edition),,,,,,,
201729.0^Boundzound,,,,,,,,
91487.0^Staind,,,,,,,,
255934.0^With Love, Bobby: The Scrapbook Album,,,,,,,
205622.0^Gestalt,,,,,,,,
170779.0^Sell Your Soul,,,,,,,,
250828.0^Pestilence,,,,,,,,
164355.0^marillion.com,,,,,,,,
89044.0^My Brother’s Keeper,,,,,,,,
184027.0^50 by Bobby Short,,,,,,,,
242674.0^Boundary County,,,,,,,,
212258.0^En Oria,,,,,,,,
112574.0^The Terror State,,,,,,,,
345.0^Ballin’ Outta Control,,,,,,,,
34452.0^Key to a Thousand Doors,,,,,,,,
285899.0^Remembering Ancient Origins,,,,,,,,
207404.0^Painters Hands and a Seventh Son,,,,,,,,
854277.0^The Quality of Mercy,,,,,,,,
177120.0^No News Is Good News,,,,,,,,
111308.0^Batgang: 4B’s,,,,,,,,
176680.0^Phoenix,,,,,,,,
119580.0^Bat Out of Hell II: Back into Hell,,,,,,,,
186641.0^Beyond What I See,,,,,,,,
79068.0^Love Story,,,,,,,,
13754.0^Raydiation,,,,,,,,
270234.0^Emergency,,,,,,,,
25795.0^Eye Legacy,,,,,,,,
28960.0^Party Never Ends,,,,,,,,
119847.0^Soul Punk,,,,,,,,
170846.0^Airwaves (bonus track version),,,,,,,,
165286.0^Classics,,,,,,,,
262432.0^Everything’s OK,,,,,,,,
111628.0^Mixtape Monthly Vol 10: Rapping Doesn’t Pay The Rent,,,,,,,,
186990.0^Slander,,,,,,,,
241323.0^Night on Bröcken,,,,,,,,
183248.0^This Is Our Revenge,,,,,,,,
45220.0^Forever Young,,,,,,,,
179565.0^Bellum, Sacrum Bellum!?,,,,,,,
171065.0^Game Day,,,,,,,,
204450.0^Will, Love, Life,,,,,,
163574.0^Real,,,,,,,,
35469.0^Last Night On Earth,,,,,,,,
257219.0^If but for One,,,,,,,,
123107.0^Tigerlily ,,,,,,,,
169880.0^Old Liquidator,,,,,,,,
116125.0^Friday Flips: Season 1,,,,,,,,
198996.0^Folk ’n Roll,,,,,,,,
124369.0^Stomp 442,,,,,,,,
6539.0^Level II,,,,,,,,
196094.0^Walk Through Fire,,,,,,,,
110862.0^The Grapes Of Wrath,,,,,,,,
260321.0^Beth Nielsen Chapman,,,,,,,,
263324.0^Heavy Soul,,,,,,,,
439421.0^Cuzwecan (2002),,,,,,,,
6187.0^More...,,,,,,,,
208191.0^Apocalyptic,,,,,,,,
223678.0^Mint 400,,,,,,,,
254100.0^Carnival of Lost Souls,,,,,,,,
114789.0^Writes by E.K. Bush,,,,,,,,
246143.0^I Love Jazz!,,,,,,,,
166920.0^Schizo Deluxe,,,,,,,,
116471.0^Blame It On the Streets,,,,,,,,
270869.0^Angel City Outcasts,,,,,,,,
133332.0^Rompilation,,,,,,,,
240985.0^Day by Day,,,,,,,,
185784.0^South America,,,,,,,,
175668.0^Slaughter & Apparatus: A Methodical Overture,,,,,,,,
198336.0^The Complex Bewitchment,,,,,,,,
264871.0^Buddy & Julie Miller,,,,,,,,
120804.0^No Average Angel,,,,,,,,
430166.0^Mirages,,,,,,,,
206781.0^Bel Air,,,,,,,,
169735.0^Razmataz,,,,,,,,
196130.0^Dahmer,,,,,,,,
125049.0^Whaler,,,,,,,,
120029.0^Crown EP,,,,,,,,
123399.0^Strangeland,,,,,,,,
198140.0^Patriotic Battle Hymns,,,,,,,,
179090.0^When the Bough Breaks,,,,,,,,
244786.0^The Idol of Perversity,,,,,,,,
252845.0^Motor Ace EP,,,,,,,,
63341.0^Porcelain,,,,,,,,
198816.0^Archetype,,,,,,,,
166397.0^Beyond,,,,,,,,
171116.0^Broadcast,,,,,,,,
116789.0^The Beat Becomes a Sound,,,,,,,,
271266.0^Al Green Gets Next to You,,,,,,,,
162648.0^The New Black,,,,,,,,
108316.0^Introduction to Shakespeare,,,,,,,,
259748.0^Octopus,,,,,,,,
15062.0^Your Favorite Weapon,,,,,,,,
163573.0^Live Your Life Be Free,,,,,,,,
279533.0^Outsiders,,,,,,,,
218574.0^Ok nefna tysvar Tý,,,,,,,,
264925.0^Don’t Pass Go,,,,,,,,
159589.0^The Ape of Naples,,,,,,,,
109291.0^Stranger in Town,,,,,,,,
123442.0^Eponymous Debut,,,,,,,,
76009.0^What If It’s You,,,,,,,,
189358.0^Romantic Serenades,,,,,,,,
174754.0^Lament for the Weary,,,,,,,,
198216.0^Stylin’ Up,,,,,,,,
269686.0^Limp Wrist,,,,,,,,
101340.0^The Parallax II: Future Sequence,,,,,,,,
192226.0^Christmas In Our Hearts,,,,,,,,
225661.0^La Cerise,,,,,,,,
237770.0^Against the Law,,,,,,,,
179244.0^Lucky Charm,,,,,,,,
200610.0^Built Like That,,,,,,,,
248558.0^Bed of Gold,,,,,,,,
580782.0^Half-Cocked The Motion Picture Soundtrack,,,,,,,,
237730.0^Rescue,,,,,,,,
194314.0^New Recording,,,,,,,,
202439.0^EarthMotherEarth,,,,,,,,
268581.0^Wide Wide World,,,,,,,,
167395.0^Demis (2009),,,,,,,,
202368.0^Swine Flew,,,,,,,,
326498.0^Unreleased Demo #2,,,,,,,,
31623.0^Beelzebubba,,,,,,,,
215749.0^The Polyester Embassy,,,,,,,,
262890.0^The Ideal Crash,,,,,,,,
217090.0^Seals & Crofts,,,,,,,,
122760.0^NO NOW,,,,,,,,
193936.0^Eight Arms Made This,,,,,,,,
141173.0^Demigod ,,,,,,,,
197211.0^Squeezing Out Sparks,,,,,,,,
431755.0^Country Club,,,,,,,,
178417.0^A Time & Place,,,,,,,,
242119.0^Unique,,,,,,,,
117675.0^Stones in the Road,,,,,,,,
255857.0^Electric Blue,,,,,,,,
562878.0^Heart Over Mind and Other Big Country Hits,,,,,,,,
162184.0^Colorblind,,,,,,,,
123383.0^It’s the Girls,,,,,,,,
212080.0^Farewell to Paradise,,,,,,,,
246664.0^Dead Rhythm Machine,,,,,,,,
33492.0^Forever Endeavour ,,,,,,,,
167007.0^Beyond the Neighbourhood,,,,,,,,
111484.0^Jet Black & Jealous,,,,,,,,
223727.0^Tony Sings for Two,,,,,,,,
231354.0^Funerals from the Astral Sphere,,,,,,,,
543966.0^Candy Cigarettes, Capguns, Issue Problems! and Such,,,,,,
81535.0^Careless,,,,,,,,
244371.0^Storm,,,,,,,,
214163.0^The Warriors EP,,,,,,,,
118835.0^War Eternal,,,,,,,,
577890.0^Crystals (Deluxe Edition),,,,,,,,
36845.0^Love.Fear.Pianos.,,,,,,,,
174587.0^Declaration,,,,,,,,
254126.0^Tezcatlipoca,,,,,,,,
167642.0^My Minds Eye,,,,,,,,
234628.0^Ghost Notes,,,,,,,,
387338.0^Red Version,,,,,,,,
180953.0^Once Over Lightly,,,,,,,,
123067.0^The Scarecrow,,,,,,,,
123165.0^Wrecking Ball,,,,,,,,
197244.0^Road to Ruin,,,,,,,,
216858.0^Revolution Per Minute,,,,,,,,
240443.0^Memories of a Dream,,,,,,,,
129819.0^American Gothic,,,,,,,,
233546.0^I Love the Life I Live,,,,,,,,
117723.0^The Calling,,,,,,,,
748228.0^Are You Sincere,,,,,,,,
98902.0^Fast Times at Barrington High,,,,,,,,
237172.0^Credo,,,,,,,,
171981.0^Wish,,,,,,,,
239177.0^Metal Dictator / Soldier From Hell,,,,,,,,
211129.0^Guilty ’til Proved Innocent!,,,,,,,,
111055.0^Specimen Days,,,,,,,,
105867.0^This Is All Yours,,,,,,,,
216664.0^Everybody Doesn’t,,,,,,,,
189648.0^Helvete,,,,,,,,
86322.0^Poetry Genius Originals ,,,,,,,,
199322.0^Memoria Vetusta I: Fathers of the Icy Age,,,,,,,,
161813.0^Humor Risk,,,,,,,,
202138.0^The Jayhawks,,,,,,,,
186542.0^Higher Power,,,,,,,,
117219.0^Glory to the Brave ,,,,,,,,
206821.0^Between the Senses,,,,,,,,
224455.0^Grim Skunk Plays... Fatal Illness If We Had Brains We’d Eat Them!,,,,,,,,
168044.0^Matilde Matilde,,,,,,,,
172283.0^Polaris,,,,,,,,
237966.0^Final Conversation of Kings,,,,,,,,
142359.0^One Way: The Songs of Larry Norman ,,,,,,,,
197451.0^Olias of Sunhillow,,,,,,,,
211079.0^Rose Clouds of Holocaust,,,,,,,,
187949.0^Moment of Truth,,,,,,,,
194218.0^The Man I Want to Be,,,,,,,,
265206.0^Zero She Flies,,,,,,,,
248988.0^All the Right Moves,,,,,,,,
213161.0^Revelations of the Unsung,,,,,,,,
116069.0^Lies I Told Myself,,,,,,,,
235415.0^Make It Through This World,,,,,,,,
253310.0^Let the Woman,,,,,,,,
62272.0^Them or Us,,,,,,,,
113503.0^PRhyme,,,,,,,,
328817.0^Free Agent 2,,,,,,,,
171679.0^Torino,,,,,,,,
190531.0^A Society of People Named Elihu,,,,,,,,
29765.0^Ogdens’ Nut Gone Flake,,,,,,,,
226231.0^Shameless,,,,,,,,
224296.0^Comal Country Blue,,,,,,,,
302083.0^Private Brubeck Remembers,,,,,,,,
123903.0^Right Now ,,,,,,,,
227553.0^Sour Juice & Rhyme,,,,,,,,
112316.0^Beauty and the Beast [EP],,,,,,,,
185946.0^Seven Is the Number,,,,,,,,
196718.0^All Ends,,,,,,,,
111801.0^Pelagial,,,,,,,,
228139.0^Arise!,,,,,,,,
120417.0^Ten Feet Tall and Bulletproof,,,,,,,,
6328.0^Liberation,,,,,,,,
212498.0^Interventions + Lullabies,,,,,,,,
263345.0^Fight for Justice,,,,,,,,
144319.0^Slayed?,,,,,,,,
117259.0^Sir Thomas More,,,,,,,,
204476.0^Did You Know People Can Fly?,,,,,,,,
206760.0^J Roddy Walston and the Business,,,,,,,,
196815.0^Blood, Brains & Rock’n’Roll,,,,,,,
114172.0^So Blu,,,,,,,,
241289.0^Love Is,,,,,,,,
257831.0^Northern Lights,,,,,,,,
282431.0^Blue in the Face,,,,,,,,
187407.0^X,,,,,,,,
278917.0^Slates [EP],,,,,,,,
282562.0^Dominate,,,,,,,,
123088.0^Young Love EP [Gold Edition] ,,,,,,,,
196546.0^Hold, Hold, Fire,,,,,,
215792.0^Stars Aligned,,,,,,,,
121511.0^The Tyranny of Distance ,,,,,,,,
224835.0^Leave No Ashes,,,,,,,,
274723.0^Applause of the Rain,,,,,,,,
348834.0^Citizens,,,,,,,,
112964.0^NT Solomon - Period 4,,,,,,,,
190875.0^Envenomed,,,,,,,,
249525.0^Fractal Possession,,,,,,,,
37693.0^Sirens and Condolences,,,,,,,,
178525.0^I Bought a Heart Made of Art in the Deep, Deep South,,,,,,,
175112.0^Silence,,,,,,,,
1399.0^Split Personality,,,,,,,,
29910.0^Build a Rocket Boys!,,,,,,,,
118648.0^Juggernaut: Omega,,,,,,,,
199208.0^Deseo,,,,,,,,
438755.0^Conker’s Bad Kyah Day Soundtrack,,,,,,,,
108794.0^Wonder Where We Land,,,,,,,,
182729.0^The Road to Freedom,,,,,,,,
220069.0^Two Hearts,,,,,,,,
111361.0^Season 5,,,,,,,,
556391.0^Redbird,,,,,,,,
189460.0^Heavenly Bodies,,,,,,,,
187923.0^Veil of Remembrance,,,,,,,,
119167.0^Shoulder Season,,,,,,,,
202941.0^Adventures in Neverland,,,,,,,,
234563.0^Just Me,,,,,,,,
111608.0^Welcome To The Jungle,,,,,,,,
244219.0^Lifesblood for the Downtrodden,,,,,,,,
184940.0^Somewhere,,,,,,,,
270019.0^Civilian,,,,,,,,
119739.0^America’s Sweetheart ,,,,,,,,
112530.0^East of Eden,,,,,,,,
168832.0^Venomous,,,,,,,,
246140.0^Soft Dogs,,,,,,,,
313766.0^Inception/Nostalgia,,,,,,,,
190154.0^Undress for Success,,,,,,,,
208674.0^Dillinger & Young Gotti II: Tha Saga Continuez,,,,,,,,
210970.0^Love Kraft,,,,,,,,
116771.0^The Tarnished Gold,,,,,,,,
201228.0^Barely Real,,,,,,,,
207554.0^Readiness to Sacrifice,,,,,,,,
144033.0^13 Ways to Bleed on Stage,,,,,,,,
161753.0^All Alone In An Empty House,,,,,,,,
119845.0^Their Bodies In A Fog,,,,,,,,
174284.0^westview,,,,,,,,
131330.0^Overpowered,,,,,,,,
252714.0^Joy for Christmas Day,,,,,,,,
117710.0^The Red Balloon Project,,,,,,,,
214466.0^Seeds,,,,,,,,
639824.0^A Cowboy Afraid of Horses,,,,,,,,
490471.0^Something’s Going On,,,,,,,,
87817.0^The Long Road Back,,,,,,,,
247357.0^Afternoons in Utopia,,,,,,,,
263699.0^No Limits,,,,,,,,
121759.0^The Supremes Sing Country, Western and Pop,,,,,,,
214885.0^70's Rock Must Die,,,,,,,,
302002.0^Coming Home,,,,,,,,
458507.0^Always, Always,,,,,,,
253081.0^What About Us?,,,,,,,,
12723.0^Late Nights & Early Mornings,,,,,,,,
267986.0^Johnny Hollow,,,,,,,,
117718.0^Chicago X (Expanded),,,,,,,,
188244.0^Fulton Hill,,,,,,,,
6496.0^Never Say Never,,,,,,,,
273869.0^The Nine EP,,,,,,,,
178380.0^Out of the Ocean,,,,,,,,
167130.0^Music for All Occasions,,,,,,,,
187994.0^Live It Up,,,,,,,,
273683.0^This Vicious Cycle,,,,,,,,
263772.0^Confidence and Consequence,,,,,,,,
155442.0^Mask,,,,,,,,
258977.0^Velveteen,,,,,,,,
180008.0^AB III,,,,,,,,
251112.0^Raindance,,,,,,,,
201369.0^SMASH,,,,,,,,
749749.0^Frank Black and the Catholics: The Complete Recordings,,,,,,,,
178023.0^River Runs Red,,,,,,,,
129738.0^Stigmata,,,,,,,,
335669.0^Pure Country 2: The Gift,,,,,,,,
247790.0^Chaos Born,,,,,,,,
159897.0^The Story of the Ghost,,,,,,,,
167116.0^Welcome to Daylight,,,,,,,,
193111.0^In Loneliness of Two Souls,,,,,,,,
114687.0^1000hp,,,,,,,,
226763.0^Fiona,,,,,,,,
219022.0^Mercy,,,,,,,,
113775.0^Pardon My French,,,,,,,,
259814.0^Thoughts of a Secluded Mind,,,,,,,,
320968.0^Mulan II: Original Soundtrack,,,,,,,,
197424.0^Suzi... and Other Four Letter Words,,,,,,,,
177948.0^Broken Hearts and Lessons Learned,,,,,,,,
319982.0^Pump Up The Lump,,,,,,,,
118272.0^Out of the Ashes,,,,,,,,
111989.0^2014/15 Season Goalscorers,,,,,,,,
150622.0^The Ghost of Fashion,,,,,,,,
185105.0^The Brink,,,,,,,,
243303.0^Tough Love,,,,,,,,
121084.0^Welcome to Los Santos,,,,,,,,
16773.0^Barton Hollow,,,,,,,,
195273.0^Unpersons,,,,,,,,
241929.0^Danzig 4ᴾ,,,,,,,,
305478.0^Don’t Over Think,,,,,,,,
190872.0^All Summer Long,,,,,,,,
321302.0^Scribble,,,,,,,,
118049.0^Hold My Home,,,,,,,,
883242.0^Radio Hits,,,,,,,,
218412.0^Medusa’s Coil,,,,,,,,
122303.0^Feline,,,,,,,,
614537.0^The Complete Myspace Collection, Vol. 3,,,,,,,
131367.0^Mutt,,,,,,,,
287847.0^Att: Shock Records Faulty Pressing Do Not Manufacture,,,,,,,,
344674.0^Worship,,,,,,,,
187508.0^Screamin’ ’n’ Bleedin’,,,,,,,,
326737.0^White Knuckle Scorin’,,,,,,,,
225315.0^In Your Blood,,,,,,,,
168521.0^Stray,,,,,,,,
232556.0^The Bull the Balloon and the Family,,,,,,,,
239942.0^I Liked It Better When You Had No Heart,,,,,,,,
255532.0^Requiem for Us All,,,,,,,,
117520.0^Love Always, Leviathan ,,,,,,,
116897.0^Humanity Is The Devil,,,,,,,,
114983.0^Rose Falcon,,,,,,,,
121631.0^Searching for a Pulse/The Worth of the World,,,,,,,,
219906.0^Reckoning Night,,,,,,,,
117324.0^Mondo Burger,,,,,,,,
174559.0^Seamonsters,,,,,,,,
157169.0^Teargarden by Kaleidyscope Vol. 2: The Solstice Bare [EP],,,,,,,,
118477.0^2015 All-Star Weekend,,,,,,,,
213177.0^From Behind the Shadows,,,,,,,,
122208.0^Light Of The Stable,,,,,,,,
251410.0^III,,,,,,,,
195992.0^Marty Balin Greatest Hits,,,,,,,,
211401.0^Sweet Baby Metal Slut,,,,,,,,
186042.0^Ladies and Gentlemen,,,,,,,,
230248.0^Thor,,,,,,,,
167938.0^Alex Baroni,,,,,,,,
161260.0^Love Never Dies (Concept Album Cast),,,,,,,,
129634.0^The Lost Episodes,,,,,,,,
253385.0^With a Song in My Heart,,,,,,,,
274168.0^Blind Before I Stop,,,,,,,,
216071.0^Green To Blue,,,,,,,,
176178.0^Bodyrockers,,,,,,,,
227728.0^We Three Kings: Christmas Favorites,,,,,,,,
262812.0^Toltec,,,,,,,,
213349.0^Come from the Shadows,,,,,,,,
168554.0^Big City Secrets,,,,,,,,
121750.0^Prince With A Thousand Enemies,,,,,,,,
209884.0^Men of Honor,,,,,,,,
224359.0^Hangin’ Nothin’ but Our Hands Down,,,,,,,,
321263.0^Humanary Stew, a Tribute to Alice Cooper,,,,,,,
81227.0^Contraband [Explicit],,,,,,,,
45892.0^Porno For Pyros,,,,,,,,
104578.0^Body Faucet,,,,,,,,
114175.0^Above the Tide,,,,,,,,
666681.0^Standards,,,,,,,,
269719.0^Point of Go,,,,,,,,
166236.0^This Little Empire,,,,,,,,
154762.0^Love Drunk,,,,,,,,
131441.0^The Unimaginable Life,,,,,,,,
159617.0^Moving Violation,,,,,,,,
191550.0^Mr. Buechner’s Dream,,,,,,,,
77655.0^Life in a Beautiful Light,,,,,,,,
120702.0^The River & The Thread ,,,,,,,,
273197.0^Ghost Stories,,,,,,,,
297682.0^The Anti‐Scene EP,,,,,,,,
883082.0^Jan & Dean’s Golden Hits,,,,,,,,
199536.0^Give Us a Wink,,,,,,,,
182629.0^100 demons,,,,,,,,
180119.0^Growing, Pains,,,,,,,
150355.0^All I Got,,,,,,,,
231494.0^Ring,,,,,,,,
175471.0^Wild Blessed Freedom,,,,,,,,
260637.0^Catch,,,,,,,,
225933.0^Skeptic Goodbye,,,,,,,,
245403.0^Bronze Age,,,,,,,,
3569.0^Please Hammer Don’t Hurt ’Em,,,,,,,,
195209.0^Kamakiriad,,,,,,,,
433594.0^The Road,,,,,,,,
268144.0^Sunnevot,,,,,,,,
156718.0^Junction Seven,,,,,,,,
204860.0^The Blind Hole,,,,,,,,
218714.0^Last Man Standing,,,,,,,,
215348.0^Soul Mover,,,,,,,,
114251.0^Unleashed & Unreleased,,,,,,,,
256673.0^Transnormal Skiperoo,,,,,,,,
226155.0^Tigerbomb [EP],,,,,,,,
190803.0^State of the Ark,,,,,,,,
172393.0^Bait the Traps,,,,,,,,
205796.0^Memory Loves You,,,,,,,,
177241.0^Asleep in America,,,,,,,,
253495.0^Young B!tch,,,,,,,,
238468.0^Adam Arcuragi,,,,,,,,
202667.0^Alabama Song,,,,,,,,
205563.0^Far,,,,,,,,
421747.0^Downside Up,,,,,,,,
160133.0^Burritos, Inspiration Point, Fork Balloon Sports, Cards in the Spokes, Automatic Biographies, Kites, Kung Fu, Trophies, Banana Peels We’ve Slipped On and Egg Shells We’ve Tippy Toed Over
18946.0^Powerlight,,,,,,,,
198244.0^Stoney End,,,,,,,,
263613.0^BBDLP1,,,,,,,,
192859.0^All The Hits So Far But Don’t Expect Too Much: Poetry, Prose, and Other Sundry Items,,,,,,
181266.0^2000 Years of Human Error,,,,,,,,
110845.0^JHUD,,,,,,,,
200623.0^Spirit Touches Ground,,,,,,,,
171902.0^Solid,,,,,,,,
145063.0^Lucky Man,,,,,,,,
37869.0^Batman Forever (Music From the Motion Picture) ,,,,,,,,
176972.0^Balance,,,,,,,,
118811.0^Bazaar,,,,,,,,
246758.0^Hold On,,,,,,,,
240223.0^Ramblin’ Gamblin’ Man,,,,,,,,
270038.0^A Backward Glance on a Travel Road,,,,,,,,
146085.0^Ladyhawke,,,,,,,,
297163.0^White Lies for Dark Times,,,,,,,,
117946.0^Slang,,,,,,,,
204904.0^International Anthems for the Human Race,,,,,,,,
210655.0^A Voice to Hold in the Dark,,,,,,,,
312359.0^I Gotta Right to Swing,,,,,,,,
279417.0^A Wilder EP,,,,,,,,
245329.0^Sole and the Skyrider Band,,,,,,,,
968841.0^Engelbert Humperdinck: 16 Most Requested Songs,,,,,,,,
123069.0^While the Gettin’ Is Good,,,,,,,,
522927.0^Mega Movie Mix,,,,,,,,
193694.0^Hope,,,,,,,,
271483.0^Call to Arms,,,,,,,,
119686.0^I Stand Alone,,,,,,,,
250932.0^The Gipsy Hill,,,,,,,,
272973.0^Painting The Invisible,,,,,,,,
187737.0^Welcome to the Dance,,,,,,,,
119013.0^Chillafornia EP,,,,,,,,
193462.0^Sailing the Seas of Fate,,,,,,,,
248215.0^WHB,,,,,,,,
712065.0^Animaniacs,,,,,,,,
104650.0^Tear Down These Walls,,,,,,,,
234155.0^Severed Survival,,,,,,,,
218260.0^Chris Young,,,,,,,,
172637.0^Songs of Innocence and of Experience,,,,,,,,
111271.0^En Vogue,,,,,,,,
210153.0^Causing a Scene,,,,,,,,
199853.0^The Things We Left Behind,,,,,,,,
224181.0^Beyond the City,,,,,,,,
117602.0^20 Lights,,,,,,,,
188870.0^The Holiness of Now,,,,,,,,
279944.0^a.O.a.,,,,,,,,
119975.0^Pure Instinct,,,,,,,,
115111.0^Taxi Driver,,,,,,,,
166452.0^The Headless Ritual,,,,,,,,
165183.0^Songs in the Key of X: Music from and Inspired by The X-Files,,,,,,,,
933.0^The Black Rob Report,,,,,,,,
326871.0^The Art of Extravagance,,,,,,,,
516956.0^Parts 1-3,,,,,,,,
205525.0^Eerie,,,,,,,,
229428.0^Lea,,,,,,,,
110644.0^Crimes,,,,,,,,
238205.0^Down in the Cellar,,,,,,,,
118810.0^Five Live Yardbirds ,,,,,,,,
215153.0^The Inalienable Dreamless,,,,,,,,
242369.0^When We Were Safe,,,,,,,,
216157.0^Red Revolution,,,,,,,,
232537.0^Turn to Me,,,,,,,,
239588.0^Levitate,,,,,,,,
208879.0^The Standard,,,,,,,,
161902.0^Arabia Mountain,,,,,,,,
215883.0^Hopeless Cases,,,,,,,,
273791.0^Back From the Heat,,,,,,,,
107739.0^Free Crack II,,,,,,,,
295623.0^Between the Lines,,,,,,,,
114324.0^The Right Paige,,,,,,,,
109517.0^The Boi EP,,,,,,,,
183018.0^What Will the Neighbours Say?,,,,,,,,
189530.0^World Under World,,,,,,,,
293809.0^Cream Ibiza,,,,,,,,
204344.0^Past the Point of Rescue,,,,,,,,
202468.0^Rush,,,,,,,,
234456.0^The Fallen Empire,,,,,,,,
210440.0^Both Sides of the Story,,,,,,,,
49193.0^A Picture of Nectar,,,,,,,,
222722.0^Planetary Duality,,,,,,,,
317245.0^Shiny Beast (Bat Chain Puller),,,,,,,,
272913.0^Like Father Like Son,,,,,,,,
327937.0^Corrupt Minds,,,,,,,,
185375.0^Someone to Tell,,,,,,,,
215546.0^The Best In Town,,,,,,,,
117726.0^The Age of Miracles,,,,,,,,
174623.0^Revenge,,,,,,,,
179917.0^Machine II Machine,,,,,,,,
273542.0^Enjoy It While It Lasts,,,,,,,,
186038.0^II,,,,,,,,
18192.0^Feels,,,,,,,,
122077.0^Nightlife,,,,,,,,
123052.0^Eulogy EP,,,,,,,,
117466.0^The Golden Ticket,,,,,,,,
253449.0^The Exies,,,,,,,,
300908.0^Ride the Tiger,,,,,,,,
122296.0^...for We Are Many,,,,,,,,
118831.0^Hurley,,,,,,,,
188205.0^Fan the Flame (Part 1),,,,,,,,
260294.0^The Pony Way,,,,,,,,
210015.0^The Last Man to Fly,,,,,,,,
171412.0^Dead Ends and Girlfriends,,,,,,,,
214869.0^Offline,,,,,,,,
179639.0^Lovely,,,,,,,,
342743.0^Come a Little Bit Closer,,,,,,,,
142631.0^My Son, the Folk Singer,,,,,,,
318165.0^Out The Box,,,,,,,,
126511.0^The Tension and the Spark,,,,,,,,
196444.0^One Bright Day,,,,,,,,
126368.0^Ulysees,,,,,,,,
202488.0^Ransomed,,,,,,,,
221116.0^Glee: The Music - The Complete Season Three,,,,,,,,
373975.0^Planes, Trains and Automobiles (The Original Motion Picture Soundtrack),,,,,,,
250460.0^Answering Machine & More Twisted Interludes,,,,,,,,
256543.0^Rust Colored Stones,,,,,,,,
298194.0^Tearwave,,,,,,,,
277670.0^Tribe After Tribe,,,,,,,,
138055.0^Live Fast, Diarrhea,,,,,,,
133426.0^Liability,,,,,,,,
200579.0^Oh, the Places We’ll Go,,,,,,,
180468.0^Don’t Die With Your Eyes Closed,,,,,,,,
213438.0^Rebel-Revive,,,,,,,,
121928.0^Conqueror ,,,,,,,,
117227.0^All We Grow,,,,,,,,
49404.0^Year of the Cat,,,,,,,,
274783.0^Black Toy,,,,,,,,
17428.0^Brothers and Sisters,,,,,,,,
64992.0^Sam Sparro,,,,,,,,
215739.0^East Side of Nowhere,,,,,,,,
294949.0^Liquid Dimensions Change,,,,,,,,
190292.0^Sword & Sorcery,,,,,,,,
202427.0^Outside Closer,,,,,,,,
107066.0^Thinking It Over,,,,,,,,
206140.0^I’m Only a Man,,,,,,,,
4381.0^Eye & I,,,,,,,,
200298.0^The Burial Tree (II),,,,,,,,
107704.0^Certain Stuff,,,,,,,,
93882.0^Best In The World: A Tribute To The Notorious B.I.G.,,,,,,,,
119519.0^Ramblin’ Jack Elliott,,,,,,,,
235843.0^The Corner,,,,,,,,
172765.0^The Art of Being a Girl,,,,,,,,
32816.0^Scarecrow Tha Terrible,,,,,,,,
193658.0^Nocturne,,,,,,,,
277873.0^Scavenger,,,,,,,,
231117.0^Between Dogs and Wolves,,,,,,,,
241421.0^It’s Not Rocket Science.,,,,,,,,
118513.0^Sports Genius: Face of Sports,,,,,,,,
112904.0^NT Solomon - The Gospel of Mark,,,,,,,,
249819.0^Engelberg,,,,,,,,
281406.0^Hexagon,,,,,,,,
188641.0^Kill Your Darlings,,,,,,,,
245740.0^Wake,,,,,,,,
178297.0^The Road to Escondido,,,,,,,,
56985.0^Beyond Hell / Above Heaven,,,,,,,,
66011.0^In With the Old,,,,,,,,
121544.0^Join Us,,,,,,,,
178844.0^Peaceful Journey,,,,,,,,
171462.0^Ella Fitzgerald Sings the George and Ira Gershwin Songbook,,,,,,,,
225897.0^From the Wrong Side of the Aperture,,,,,,,,
207873.0^The Wait of Glory,,,,,,,,
11988.0^Goodbye Yellow Brick Road,,,,,,,,
854827.0^Goin’ Coconuts,,,,,,,,
175797.0^Scream,,,,,,,,
273726.0^Heaven in the Real World,,,,,,,,
208853.0^Character Assassination,,,,,,,,
39088.0^Youth,,,,,,,,
182736.0^Walk into Light,,,,,,,,
171658.0^Handmade Demo,,,,,,,,
253493.0^Bring It On,,,,,,,,
242365.0^Truth in the Age of Lies,,,,,,,,
204409.0^Ripe,,,,,,,,
202658.0^Réalistes,,,,,,,,
556897.0^Thomas And The Magic Railroad (Original Motion Picture Soundtrack) ,,,,,,,,
268245.0^Building a Hole,,,,,,,,
272145.0^Adversus,,,,,,,,
199927.0^4-Wheel Vibe,,,,,,,,
237447.0^Don’t Mess With the Dragon,,,,,,,,
204683.0^A Present for Everyone,,,,,,,,
282547.0^Now Phats What I Small Music,,,,,,,,
195063.0^Extra-Ordinary,,,,,,,,
259827.0^Dimness’ Profound,,,,,,,,
150634.0^something they don’t know b​/​w mouth,,,,,,,,
155560.0^End Is Forever,,,,,,,,
209231.0^Hardcore,,,,,,,,
167485.0^Ecstasy,,,,,,,,
213313.0^Retribution for the Dead,,,,,,,,
113457.0^Welcome Home Armageddon,,,,,,,,
210905.0^Love Comes Down,,,,,,,,
248989.0^OC Confidential,,,,,,,,
161298.0^Greatest Hits,,,,,,,,
199359.0^Attics to Eden,,,,,,,,
212684.0^Disco Defenders,,,,,,,,
241302.0^Merlin’s Descendants,,,,,,,,
194294.0^The Bridge Washed Out,,,,,,,,
252231.0^Increasing the Hate,,,,,,,,
287874.0^The Greatest Christmas Novelty CD of All Time,,,,,,,,
278358.0^Worship the Animal “1994 the Lost Recordings”,,,,,,,,
268259.0^MSG,,,,,,,,
118760.0^What Was I Thinking,,,,,,,,
263511.0^Triple Treat, Volume 1,,,,,,,
114555.0^I’m Around,,,,,,,,
245900.0^Skidip!,,,,,,,,
241102.0^Jacobs Dream,,,,,,,,
284044.0^Snapshot,,,,,,,,
260932.0^Plays and Sings the Blues,,,,,,,,
164099.0^Far From Over,,,,,,,,
46676.0^Magic Christian Music,,,,,,,,
169808.0^My Personal Sky,,,,,,,,
20432.0^Make the Clocks Move,,,,,,,,
54974.0^The Left Rights,,,,,,,,
274801.0^Work It Out ,,,,,,,,
201575.0^Written in Red,,,,,,,,
121619.0^TV Dinners,,,,,,,,
114585.0^Carry On Tradition,,,,,,,,
186514.0^Escape,,,,,,,,
115798.0^Dawn The Rabbit Hole,,,,,,,,
166400.0^Dog & Butterfly,,,,,,,,
271190.0^Future Unknown,,,,,,,,
909342.0^Internet Traphouse 2,,,,,,,,
265554.0^That’s What I’m Talking About,,,,,,,,
281631.0^Laughing in the Face of Failure,,,,,,,,
152899.0^Hold Time,,,,,,,,
271995.0^Tell It to the Children,,,,,,,,
90384.0^Love, Hope & War,,,,,,,
866810.0^Reflection (Deluxe),,,,,,,,
203555.0^Oppenheimer,,,,,,,,
249390.0^All the Things I’ve Grown to Miss,,,,,,,,
258053.0^Forget Me Not,,,,,,,,
332088.0^Freudian Slip,,,,,,,,
369404.0^Nancy Drew (Music from the Motion Picture),,,,,,,,
108545.0^Collection II ,,,,,,,,
527604.0^The Time Is Now,,,,,,,,
257404.0^Darkest Day of Horror,,,,,,,,
202929.0^Withdrawal Method,,,,,,,,
283775.0^Harnessed in Slums,,,,,,,,
261452.0^Pathways,,,,,,,,
180722.0^Trouble in Paradise,,,,,,,,
171643.0^Not Your Ordinary Girl,,,,,,,,
7569.0^The Sweet James Jones Stories,,,,,,,,
69827.0^Pullhair Rubeye,,,,,,,,
237777.0^Return to Evermore,,,,,,,,
199888.0^40 Days,,,,,,,,
103157.0^Mystery Skulls - EP,,,,,,,,
266594.0^Antichrist,,,,,,,,
111645.0^Mixtape “ Nunca Perca o Seu Tempo Com Pessoas Que Não Querem Perder o Seu Tempo Contigo”,,,,,,,,
120221.0^Blind Rage ,,,,,,,,
215175.0^Movie Star,,,,,,,,
210340.0^Amanda Wilkinson,,,,,,,,
202466.0^Human Error: Ways to Selfdestruction,,,,,,,,
198618.0^Emotional Roller Coaster,,,,,,,,
209898.0^Lasted,,,,,,,,
115118.0^The Unreleased Recordings,,,,,,,,
315779.0^Worlds and Worlds,,,,,,,,
177950.0^A Bigger Piece of Sky,,,,,,,,
78856.0^R&B Divas,,,,,,,,
621286.0^1989 (Deluxe),,,,,,,,
253209.0^Stranger,,,,,,,,
226649.0^Big Band,,,,,,,,
238230.0^Yesterday’s Gone,,,,,,,,
191430.0^Kinetik,,,,,,,,
215367.0^The Belle Brigade,,,,,,,,
157043.0^It’s Never Enough,,,,,,,,
207205.0^Complete Me,,,,,,,,
148671.0^Joseph and the Amazing Technicolor Dreamcoat (1982 Original Broadway Cast),,,,,,,,
120954.0^Soft Rock,,,,,,,,
113153.0^AGE 101: DROP 2,,,,,,,,
168716.0^Coincidence and Likely Stories,,,,,,,,
566224.0^Do You Know Where You’re Coming From? (Single),,,,,,,,
120456.0^Gangsta Stripper Music 2,,,,,,,,
246941.0^The Place of Worship,,,,,,,,
209840.0^Engage,,,,,,,,
721668.0^Adult Contemporary Easy Listening,,,,,,,,
123342.0^Season 4 ,,,,,,,,
194959.0^Why That Doesn’t Surprise Me,,,,,,,,
190485.0^Lullabies for the Dormant Mind,,,,,,,,
247859.0^Darken In Quir Haresete,,,,,,,,
241190.0^Azari & III,,,,,,,,
150795.0^Frank Black and the Catholics,,,,,,,,
237383.0^On The Heart,,,,,,,,
117694.0^Preacher’s Son,,,,,,,,
308716.0^The Dylans,,,,,,,,
207222.0^Godmachine,,,,,,,,
200132.0^… Meanwhile,,,,,,,,
254867.0^Songs of Audible Trucks and Cars,,,,,,,,
206246.0^Mission No. X,,,,,,,,
171667.0^The Silent Majority,,,,,,,,
161637.0^Gettin’ Ready,,,,,,,,
224997.0^A Christmas to Remember,,,,,,,,
133677.0^Kish Kash,,,,,,,,
122128.0^Music Inspired by The Story,,,,,,,,
278370.0^The Saint Alvia Cartel,,,,,,,,
171593.0^We Wish You a Merry Christmas,,,,,,,,
193016.0^Lions & Lambs,,,,,,,,
2811.0^Lost,,,,,,,,
203041.0^The Disco and the What Not,,,,,,,,
265943.0^Looking East,,,,,,,,
172459.0^By My Side,,,,,,,,
190231.0^Blown in the U.S.A.,,,,,,,,
281743.0^Salvation,,,,,,,,
283469.0^The New England Sessions,,,,,,,,
118393.0^Reading Shakespeare: King Lear,,,,,,,,
114894.0^XI,,,,,,,,
211562.0^Back in the Circus,,,,,,,,
112643.0^Underdogs,,,,,,,,
114439.0^New Kids on the Block,,,,,,,,
582696.0^Greatest Hits Vol. II,,,,,,,,
90032.0^Faceless ,,,,,,,,
164404.0^The Rapture,,,,,,,,
268677.0^Golden Dawn,,,,,,,,
213494.0^All About Eve,,,,,,,,
192819.0^Passage to the Other Side,,,,,,,,
193206.0^Captain Chaos,,,,,,,,
104120.0^It’s Okay to Be Nameless,,,,,,,,
9584.0^A Gangster and a Gentleman,,,,,,,,
258818.0^King of Hearts,,,,,,,,
153648.0^Before the Storm,,,,,,,,
184720.0^Invisible Places,,,,,,,,
131353.0^Algiers ,,,,,,,,
220417.0^Glee: The Music, Volume 4,,,,,,,
208108.0^Children,,,,,,,,
360533.0^#HELLVERSION,,,,,,,,
238042.0^Contact High,,,,,,,,
114525.0^Please & Thank You,,,,,,,,
241634.0^When I Look in Your Eyes,,,,,,,,
311928.0^Matthew,,,,,,,,
369126.0^Elektra: The Album,,,,,,,,
173223.0^Good Luck,,,,,,,,
114116.0^Just Me And My Guitar,,,,,,,,
79173.0^Death of the King,,,,,,,,
553068.0^Desire,,,,,,,,
129048.0^The First Ten Years,,,,,,,,
112571.0^Genius Casebook: Contracts,,,,,,,,
275817.0^Blue Lights on the Runway,,,,,,,,
536371.0^The Gateless Gate,,,,,,,,
246875.0^Carnival,,,,,,,,
177126.0^Fresh,,,,,,,,
41742.0^DMD KIU LIDT,,,,,,,,
112046.0^The Album About Nothing,,,,,,,,
172917.0^Love Is a Sacrifice,,,,,,,,
122559.0^Runaway Horses,,,,,,,,
632490.0^Strummin’ with the Devil: The Southern Side of Van Halen,,,,,,,,
184738.0^Strange Romance,,,,,,,,
934698.0^Rags 2 Riches,,,,,,,,
195925.0^If I Had a Hammer: Songs of Hope & Struggle,,,,,,,,
151695.0^Spirit: Stallion of the Cimarron  (Music from the Original Motion Picture),,,,,,,,
203504.0^Tasseomancy,,,,,,,,
350955.0^Vixen,,,,,,,,
299395.0^Re-Animations,,,,,,,,
217463.0^End Transmission,,,,,,,,
111213.0^People Keep Talking,,,,,,,,
234500.0^The Vegas Years,,,,,,,,
160238.0^Goldfinger,,,,,,,,
118794.0^LETS GET FREE ALBUM Dead Prez,,,,,,,,
179170.0^Left Alone,,,,,,,,
207336.0^A Day of Nights,,,,,,,,
155618.0^Message for Albert,,,,,,,,
130327.0^Give It Up,,,,,,,,
209542.0^Explosions in Ward 6,,,,,,,,
118004.0^What a Pleasure,,,,,,,,
117789.0^Varnell Spring 15,,,,,,,,
272693.0^Arabesque,,,,,,,,
253321.0^The Plague of a Coming Age,,,,,,,,
147275.0^Everybody Loves a Happy Ending,,,,,,,,
113990.0^A Rose By Any Other Name,,,,,,,,
220123.0^Silent Waters,,,,,,,,
22708.0^Love from a Distance,,,,,,,,
88241.0^Chemically Imbalanced,,,,,,,,
142599.0^Purgatory/Paradise,,,,,,,,
265953.0^Wishing For This - EP,,,,,,,,
61972.0^Fairweather Johnson,,,,,,,,
213785.0^Jasmine Trias,,,,,,,,
122390.0^Abacab,,,,,,,,
204627.0^Blue Horse,,,,,,,,
132102.0^Rap Genius Trends,,,,,,,,
116659.0^Progression V: Young Texas Playa,,,,,,,,
190845.0^Oxidizer,,,,,,,,
26946.0^Chapter II,,,,,,,,
255334.0^The Breathtaking Blue,,,,,,,,
196759.0^Allegro Barbaro,,,,,,,,
161070.0^Don’t Wake Me Up,,,,,,,,
118944.0^Sex, Age & Death ,,,,,,,
239808.0^The Weaving Fates,,,,,,,,
240600.0^Snapshots,,,,,,,,
246341.0^Avatar,,,,,,,,
207658.0^No Direction,,,,,,,,
177257.0^Cricklewood Broadway,,,,,,,,
174681.0^Tales of Mystery and Imagination,,,,,,,,
148077.0^The Reckoning,,,,,,,,
180852.0^Saturn Light,,,,,,,,
266278.0^Dance Your Life Away,,,,,,,,
28572.0^...And Out Come the Wolves,,,,,,,,
103409.0^Behind the Light (Deluxe Edition/Target Exclusive),,,,,,,,
171869.0^Cold Comfort,,,,,,,,
162497.0^Now You See Inside,,,,,,,,
6262.0^Hurt No More,,,,,,,,
212512.0^Don’t Ask,,,,,,,,
176364.0^It’s Only Rock ‘n’ Roll,,,,,,,,
233471.0^Shine,,,,,,,,
227720.0^Call to War,,,,,,,,
240815.0^French Bazaar,,,,,,,,
150234.0^Spoiled Girl,,,,,,,,
239309.0^Christmas Memories,,,,,,,,
167890.0^Nothing Personal,,,,,,,,
169392.0^Lead Me On,,,,,,,,
186004.0^Masters of Chant, Chapter III,,,,,,,
230743.0^30,,,,,,,,
173146.0^Transatlantic R.P.M.,,,,,,,,
32718.0^Self Control,,,,,,,,
273518.0^Apples,,,,,,,,
118012.0^Sirens - EP,,,,,,,,
206344.0^Man Alive,,,,,,,,
153900.0^Curtains,,,,,,,,
472960.0^Lest We Forget the Best of BOTDF,,,,,,,,
224881.0^Serpenthrone,,,,,,,,
173279.0^The Wonderful World of Make Believe,,,,,,,,
247672.0^Volume 1.666,,,,,,,,
208813.0^Show Us Your Tits,,,,,,,,
218045.0^Love Like This,,,,,,,,
559861.0^RawHyde,,,,,,,,
226603.0^Gift Horse,,,,,,,,
297690.0^The First Emotion,,,,,,,,
307675.0^Execution Style,,,,,,,,
1139.0^Glee,,,,,,,,
466131.0^Brother’s Keeper,,,,,,,,
254013.0^Grand Materia,,,,,,,,
126008.0^Everlasting Love,,,,,,,,
177289.0^Will the Circle Be Unbroken,,,,,,,,
255710.0^Shadow Man,,,,,,,,
208478.0^Am Universum,,,,,,,,
235671.0^Short and Explosive,,,,,,,,
280928.0^Back to You,,,,,,,,
944637.0^Re: Generations (Bonus Track Version),,,,,,,,
277975.0^Imperiet,,,,,,,,
276809.0^Show Up,,,,,,,,
256257.0^Essential Tremors,,,,,,,,
197200.0^ICON,,,,,,,,
345987.0^Pheromones,,,,,,,,
158875.0^Building the Bridge,,,,,,,,
111364.0^Season 6,,,,,,,,
182526.0^The Parallel Otherworld,,,,,,,,
187836.0^Soul UK,,,,,,,,
170630.0^Divorce at High Noon,,,,,,,,
201856.0^Ghosts I Have Been,,,,,,,,
192976.0^L’hymne à la joie,,,,,,,,
567576.0^Big World,,,,,,,,
126506.0^Blue Eyed Black Boy,,,,,,,,
121224.0^Citizen Zombie,,,,,,,,
616175.0^Home,,,,,,,,
192496.0^Simple Things,,,,,,,,
263621.0^Adam Brand,,,,,,,,
178248.0^Below the Waste,,,,,,,,
352261.0^Controlled Elite,,,,,,,,
279799.0^Inside the Moon,,,,,,,,
156987.0^Keasbey Nights,,,,,,,,
296293.0^The Action That You Need EP,,,,,,,,
239375.0^A Sign of Things to Come,,,,,,,,
218681.0^The Art of Dying,,,,,,,,
114200.0^Still ,,,,,,,,
45340.0^South of Heaven,,,,,,,,
116317.0^Carnivalia ,,,,,,,,
296569.0^Hewn From the Wilderness,,,,,,,,
66826.0^Album,,,,,,,,
197213.0^Pride & Glory,,,,,,,,
173421.0^No Limits,,,,,,,,
281562.0^& The Way She Likes It,,,,,,,,
133002.0^Flowers ,,,,,,,,
771063.0^Small Deviant Things Vol. 1,,,,,,,,
218231.0^Deeper,,,,,,,,
119577.0^Country Style,,,,,,,,
206230.0^Flow,,,,,,,,
240244.0^Blood in the Ink,,,,,,,,
250145.0^Dancing Through the Ashes,,,,,,,,
200152.0^Low Country Blues,,,,,,,,
50849.0^Fuse,,,,,,,,
115932.0^What Mattered Most,,,,,,,,
265800.0^Stamp!,,,,,,,,
231255.0^Euro IV Ever,,,,,,,,
115925.0^Sleater-Kinney,,,,,,,,
197826.0^Anthems of Rebellion,,,,,,,,
119324.0^Elsewhere,,,,,,,,
107734.0^Stay Down To Come Up (Hosted By DJ Mustard & DJ Amen),,,,,,,,
803635.0^Young & Jaded,,,,,,,,
270084.0^Sun Again,,,,,,,,
438286.0^Galactic Zoo Dossier,,,,,,,,
109872.0^Feels Good to Be Rich,,,,,,,,
119104.0^Face The Fire,,,,,,,,
217721.0^Sands of Time,,,,,,,,
299283.0^Rock Music W/ Singing,,,,,,,,
162771.0^Tammy Wynette Remembered,,,,,,,,
115685.0^Cursed With A Blessing,,,,,,,,
589964.0^Burn the Bridges,,,,,,,,
185332.0^Question,,,,,,,,
269592.0^Dangerous Intentions,,,,,,,,
255735.0^Failure,,,,,,,,
217122.0^Wild Together,,,,,,,,
387346.0^Breakfast At The Circus,,,,,,,,
164618.0^Bustin’ Out,,,,,,,,
295328.0^III,,,,,,,,
172196.0^The Memphis Sessions,,,,,,,,
177760.0^Off Key Melodies,,,,,,,,
114793.0^As I Lay Dying,,,,,,,,
264660.0^Lightning at the Door,,,,,,,,
169587.0^Jesus Christ Superstars,,,,,,,,
259584.0^Too Much Happiness Makes Kids Paranoid,,,,,,,,
177467.0^Requiem for the Indifferent,,,,,,,,
193374.0^Out of the Everywhere,,,,,,,,
603485.0^KILL YOUR$ELF $agas: I - V,,,,,,,,
6024.0^Keep the Faith,,,,,,,,
122816.0^Glean ,,,,,,,,
163312.0^Gods and Fighting Men,,,,,,,,
244783.0^Death to Tyrants,,,,,,,,
43570.0^Reveal,,,,,,,,
166847.0^Rupi’s Dance,,,,,,,,
296952.0^Push th’ Little Daisies,,,,,,,,
100492.0^Seasons in the Abyss,,,,,,,,
166792.0^Goodbye June,,,,,,,,
172800.0^Aleesha Rome,,,,,,,,
234798.0^Dry Land,,,,,,,,
120164.0^Born to Fly,,,,,,,,
249321.0^The House on the Hill,,,,,,,,
36094.0^Into the Rush,,,,,,,,
215747.0^Adolessons,,,,,,,,
191596.0^Diet for a New America,,,,,,,,
207881.0^We Collide,,,,,,,,
6527.0^Guy III,,,,,,,,
219278.0^Spitting Out Miracles,,,,,,,,
129793.0^Bloodrock 2,,,,,,,,
173564.0^SnuffSaidButGorBlimeyGuvStoneMeIfHeDidn’tThrowAWobblerChaChaChaChaChaChaChaChaChaYou’reGoingHomeInACosmicAmbience,,,,,,,,
193836.0^Disorder,,,,,,,,
117132.0^The Flood,,,,,,,,
224363.0^Girl Bites Dog: Your Compact Disc Pet,,,,,,,,
242653.0^Through the Looking Glass,,,,,,,,
187512.0^Navigator,,,,,,,,
137093.0^Love ,,,,,,,,
247032.0^Waxing Gibbous,,,,,,,,
273375.0^Tarot Classics,,,,,,,,
115686.0^Institutes of the Christian Religion,,,,,,,,
365319.0^Solstice,,,,,,,,
245625.0^My Own Private Armageddon,,,,,,,,
93033.0^Seventh Son of a Seventh Son,,,,,,,,
247361.0^Poseidon and the Bitter Bug,,,,,,,,
111539.0^A Hundred Verses from Old Japan,,,,,,,,
247141.0^Sing,,,,,,,,
123161.0^Cowgirl’s Prayer,,,,,,,,
113864.0^Monuments to an Elegy,,,,,,,,
219142.0^All the Fun of the Fair,,,,,,,,
205953.0^Love Song,,,,,,,,
232839.0^Stroll,,,,,,,,
255030.0^Lost Horizons,,,,,,,,
123133.0^Messengers,,,,,,,,
126103.0^The Bird and the Bee,,,,,,,,
183371.0^Goin’ Down Rockin’ : The Last Recordings,,,,,,,,
197691.0^Tasteless,,,,,,,,
62287.0^You Are What You Is,,,,,,,,
269163.0^3 Is the Magic Number,,,,,,,,
116315.0^Made In Chernobyl,,,,,,,,
186138.0^Somebody Up There Digs Me,,,,,,,,
120194.0^Animalistic,,,,,,,,
210544.0^Soulskinner,,,,,,,,
114075.0^Diamonds in the Rough,,,,,,,,
89162.0^Menorah/Majora EP,,,,,,,,
306918.0^All You Can Ever Learn Is What You Already Know,,,,,,,,
210427.0^Third Time’s a Charm,,,,,,,,
122337.0^Demolition Crash,,,,,,,,
227753.0^Last One Picked,,,,,,,,
245256.0^Take a Chance on Something Beautiful,,,,,,,,
166642.0^Space in Between Us,,,,,,,,
240376.0^Let’s Be Still,,,,,,,,
208512.0^No Dice,,,,,,,,
190545.0^Nothin’ Like the Summer,,,,,,,,
270093.0^Bachman & Turner,,,,,,,,
266794.0^The Horrifying Truth,,,,,,,,
227704.0^American Teenage Rock ‘N’ Roll Machine,,,,,,,,
183236.0^Relax,,,,,,,,
430783.0^Demons,,,,,,,,
187334.0^Wishpool,,,,,,,,
147083.0^Shrinkwrapped,,,,,,,,
238612.0^Towards the Sun,,,,,,,,
126162.0^The Birthday Party,,,,,,,,
119749.0^Reporting Live,,,,,,,,
38574.0^Fame: 1980 (Original Motion Picture Soundtrack),,,,,,,,
207011.0^Guilty Pleasures,,,,,,,,
183694.0^Hello, Mannequin,,,,,,,
445212.0^Family Tree,,,,,,,,
248955.0^Cocaine Rodeo,,,,,,,,
290393.0^Victim of Changes,,,,,,,,
525458.0^His Kind Of Love Songs,,,,,,,,
237281.0^Sunday Sunny Mill Valley Groove Day,,,,,,,,
230060.0^A New Revolution,,,,,,,,
200378.0^Drudenhaus,,,,,,,,
270624.0^The Curse of Martha Splatterhead,,,,,,,,
148802.0^Sparkle and Fade,,,,,,,,
247783.0^earthlings?,,,,,,,,
257097.0^Quetzalcoatl,,,,,,,,
122616.0^Save A Life EP,,,,,,,,
308127.0^The Lonely Robot - EP,,,,,,,,
203939.0^Repellent Gastronomy,,,,,,,,
123422.0^Let It Go,,,,,,,,
112491.0^Astral Rejection,,,,,,,,
13527.0^No Cure for Life,,,,,,,,
116173.0^Breath Of God,,,,,,,,
311901.0^Reluming the Embers,,,,,,,,
200741.0^Powertrippin’,,,,,,,,
130329.0^Streetlights,,,,,,,,
3838.0^Long Story Short,,,,,,,,
169001.0^Heated,,,,,,,,
190132.0^Self Titled II,,,,,,,,
124579.0^Battles in the North,,,,,,,,
176783.0^Hurry Up and Wait,,,,,,,,
245039.0^Monuments,,,,,,,,
267274.0^Songs From the Silent Years,,,,,,,,
227501.0^To Say the Least EP,,,,,,,,
121376.0^Turn It On EP,,,,,,,,
239088.0^Critics Pass Away,,,,,,,,
240816.0^Out Of Sight,,,,,,,,
180206.0^Homemade Blood,,,,,,,,
184867.0^Magnification,,,,,,,,
41771.0^Bigger Than Both of Us,,,,,,,,
203883.0^La testa indipendente,,,,,,,,
169592.0^Anyway, I’ve Been There,,,,,,,
3709.0^51/50 Ratchet,,,,,,,,
404737.0^Live at Billy Bob’s Texas,,,,,,,,
860585.0^Take A Chance,,,,,,,,
305737.0^Great White North,,,,,,,,
645357.0^Album Preview,,,,,,,,
183547.0^Days of Hunger,,,,,,,,
226612.0^Smalltown Brawlers,,,,,,,,
240241.0^A Day at the Beach,,,,,,,,
172799.0^World Extermination,,,,,,,,
200764.0^Touch the Sky,,,,,,,,
118345.0^That’s How a Heartache Begins,,,,,,,,
159187.0^Street Corner Talking,,,,,,,,
27941.0^The Brothel,,,,,,,,
168980.0^From Burning Hell to Smile and Laughter,,,,,,,,
196377.0^Lost Souls Like Us,,,,,,,,
185943.0^Abomination,,,,,,,,
164102.0^Scream & Whisper,,,,,,,,
227981.0^People of the Sea,,,,,,,,
639780.0^Katrina and the Waves 2,,,,,,,,
260301.0^I Hope We’re Not the Last,,,,,,,,
112123.0^Theory of a Deadman,,,,,,,,
251901.0^The End of an Error,,,,,,,,
280584.0^Manifest Damnation,,,,,,,,
248241.0^The First Recordings,,,,,,,,
313532.0^Janis Ian,,,,,,,,
282634.0^Stoned | Part I,,,,,,,,
197190.0^Pollensongs,,,,,,,,
183937.0^Brutal Planet,,,,,,,,
121286.0^The Slim Shady LP (Snippet Tape),,,,,,,,
194866.0^Prologue,,,,,,,,
207530.0^I Let the Music Speak,,,,,,,,
167969.0^Hide Nothing,,,,,,,,
198566.0^Truth About Love,,,,,,,,
122955.0^Snake Bite Love,,,,,,,,
53366.0^Insomnia,,,,,,,,
178692.0^Channeling the Quintessence of Satan,,,,,,,,
195101.0^Come Down Here,,,,,,,,
116473.0^Blue County,,,,,,,,
324794.0^The Wonderful World of Andy Williams,,,,,,,,
262199.0^Azerion,,,,,,,,
114982.0^The Cheetah Girls,,,,,,,,
248292.0^Wash the Sins Not Only the Face,,,,,,,,
294005.0^Heartbreak Hill,,,,,,,,
192773.0^Six Days on the Road,,,,,,,,
322518.0^PASSIONATE YET,,,,,,,,
211937.0^These Are the Good Times People,,,,,,,,
112944.0^Gadsby,,,,,,,,
421524.0^Destination XYZ,,,,,,,,
173053.0^Moving On,,,,,,,,
254187.0^Enchanted Entrance,,,,,,,,
309306.0^The Life and Crimes of Alice Cooper,,,,,,,,
197949.0^A New Design,,,,,,,,
203285.0^Joseph Smith the Prophet,,,,,,,,
171155.0^This Blood’s for You,,,,,,,,
203265.0^Idealistic Animals,,,,,,,,
271228.0^Cover Your Tracks,,,,,,,,
159249.0^Doomsday for the Deceiver,,,,,,,,
772724.0^Child: Music for the Christmas Season,,,,,,,,
616835.0^Death’s Design,,,,,,,,
311725.0^Quest of the Dream Warrior,,,,,,,,
162915.0^Almost Here,,,,,,,,
288711.0^Eudora,,,,,,,,
173443.0^Disco Crash,,,,,,,,
196411.0^Beneath the Velvet Sun,,,,,,,,
214349.0^Hear & Now,,,,,,,,
207206.0^You And Your Revolution,,,,,,,,
115896.0^Welcome to the Winter,,,,,,,,
201084.0^A Way of Life: Skinhead Anthems,,,,,,,,
42107.0^My Garden,,,,,,,,
275675.0^And Then There Was You,,,,,,,,
200660.0^LP,,,,,,,,
226874.0^Cypher: Insect Angels and Devil Worms,,,,,,,,
194327.0^Killer Country,,,,,,,,
119504.0^REAL.,,,,,,,,
180487.0^Let the Good Times Roll: The Music of Louis Jordan,,,,,,,,
476117.0^Happiness Is: The Complete Recordings,,,,,,,,
197885.0^Twisted,,,,,,,,
601250.0^There’ll Always Be a Christmas,,,,,,,,
175217.0^In Your Eyes,,,,,,,,
339139.0^Presence,,,,,,,,
14171.0^Veteran,,,,,,,,
3271.0^Rise,,,,,,,,
233569.0^The Bastard,,,,,,,,
342528.0^Pheromone Heavy,,,,,,,,
174168.0^Mindy Smith,,,,,,,,
207796.0^The Dust of Retreat,,,,,,,,
179120.0^Noël,,,,,,,,
1018.0^AttenCHUN!,,,,,,,,
277771.0^Before and After,,,,,,,,
119316.0^Fukk Fame,,,,,,,,
209021.0^General Population,,,,,,,,
869833.0^All That Jazz (U.S. Edition),,,,,,,,
203465.0^Sweetbox,,,,,,,,
99512.0^Food,,,,,,,,
255003.0^Roy Orbison Sings,,,,,,,,
193425.0^Simply Believe,,,,,,,,
155558.0^...Anywhere but Here,,,,,,,,
109773.0^Epiphany ,,,,,,,,
199326.0^Great Dirty World,,,,,,,,
195147.0^Contraband,,,,,,,,
133049.0^Crystal Days 1979-1999 (disc 3) ,,,,,,,,
122483.0^The Ballad Of Sally Rose,,,,,,,,
632570.0^Wild Energy,,,,,,,,
211379.0^Unfamiliar Faces,,,,,,,,
234371.0^Prism,,,,,,,,
942911.0^Alone with You,,,,,,,,
205317.0^Maxeen,,,,,,,,
177506.0^An Naoned,,,,,,,,
190988.0^DIXANADU,,,,,,,,
89468.0^1298,,,,,,,,
127357.0^This Addiction,,,,,,,,
189249.0^Worship & Faith,,,,,,,,
191944.0^Joan of Arc, Dick Cheney, Mark Twain,,,,,,
109205.0^Merriam-Webster Ask the Editor,,,,,,,,
217468.0^See Red,,,,,,,,
205804.0^Blackfield II,,,,,,,,
17097.0^Cryptic Collection 4,,,,,,,,
200331.0^Distance Makes the Heart Grow Fonder,,,,,,,,
117364.0^Skinny Fresco Vol. 2,,,,,,,,
132531.0^Thunder in My Heart,,,,,,,,
172942.0^Resurrection,,,,,,,,
257460.0^Freddie and the Dreamers,,,,,,,,
112313.0^HELLA FRREAL ,,,,,,,,
116690.0^The Fine Print - $484.00,,,,,,,,
231157.0^Matter Has a Breaking Point,,,,,,,,
242161.0^Songlines,,,,,,,,
245663.0^Hello Out There,,,,,,,,
289986.0^Come Clean,,,,,,,,
119772.0^Before The Dinosaurs,,,,,,,,
765539.0^None Shall Escape,,,,,,,,
109305.0^Return to Struggleville,,,,,,,,
197266.0^Punk Junkies,,,,,,,,
184904.0^The Umbersun,,,,,,,,
173987.0^11 Transistor,,,,,,,,
462006.0^⊿ (Triangle),,,,,,,,
185351.0^Baby Beatles!,,,,,,,,
262536.0^Doppelgänger,,,,,,,,
117531.0^No Protection,,,,,,,,
216563.0^Why Be In When You Could Be Out,,,,,,,,
190007.0^Here Comes Everyone,,,,,,,,
114338.0^The Messenger,,,,,,,,
213179.0^When You’re a Rebel,,,,,,,,
175040.0^Masters of Chant, Chapter II,,,,,,,
250430.0^So This Is Goodbye,,,,,,,,
227619.0^Already,,,,,,,,
30896.0^The Hoople,,,,,,,,
238810.0^NOFX,,,,,,,,
183901.0^Burning Bridges,,,,,,,,
162687.0^Original Me,,,,,,,,
112112.0^2014 NFL Touchdowns ,,,,,,,,
175840.0^One Up for the Dying,,,,,,,,
254300.0^The Black Album,,,,,,,,
302960.0^Diluvium,,,,,,,,
121833.0^A Soldier Of Fortune ,,,,,,,,
294069.0^Become What You Are,,,,,,,,
116204.0^Shouldn’t a Told You That,,,,,,,,
193770.0^Back at the Laundromat,,,,,,,,
120690.0^Vile,,,,,,,,
111083.0^Some People Have Real Problems,,,,,,,,
202857.0^The Columbus EEP Thee,,,,,,,,
213127.0^Stones,,,,,,,,
167613.0^Love and Curses,,,,,,,,
211191.0^Los Angeles Synthetic,,,,,,,,
283577.0^The Place I Love,,,,,,,,
209950.0^Talk About Life,,,,,,,,
311975.0^Swing Your Daddy,,,,,,,,
280262.0^Come Fly With Me,,,,,,,,
861808.0^LP1 (Limited Deluxe Edition),,,,,,,,
46474.0^Trouble is,,,,,,,,
117467.0^FA Cup 2014/15,,,,,,,,
790800.0^Off The Molly,,,,,,,,
117982.0^Last Sessions: Their Complete Victor Recordings (1934–1941),,,,,,,,
173699.0^A World Depraved,,,,,,,,
211462.0^The Master and the Monkey,,,,,,,,
205117.0^Miss America,,,,,,,,
120906.0^Keep It Goin’ On,,,,,,,,
187551.0^Intimacy,,,,,,,,
208768.0^London Weekend,,,,,,,,
144369.0^Ritual,,,,,,,,
238414.0^Holy Weather,,,,,,,,
228729.0^Anka,,,,,,,,
215251.0^Changes,,,,,,,,
280184.0^For ’Teen Twisters Only,,,,,,,,
176980.0^All My Days,,,,,,,,
377254.0^Fastlife Music Presents: Code of the Streets,,,,,,,,
120327.0^North ,,,,,,,,
111471.0^Jane Doe,,,,,,,,
194741.0^Perfect Sex,,,,,,,,
100263.0^Monster Monster,,,,,,,,
240864.0^A Chorus of Storytellers,,,,,,,,
201904.0^One Hundred Years from Now,,,,,,,,
113034.0^The Arising,,,,,,,,
248738.0^Good News,,,,,,,,
20891.0^First Love,,,,,,,,
520427.0^Class Mythology - EP,,,,,,,,
174478.0^One,,,,,,,,
231701.0^Hang Love,,,,,,,,
212746.0^Surprise,,,,,,,,
9901.0^House of Representatives,,,,,,,,
180594.0^Hero,,,,,,,,
214971.0^Life,,,,,,,,
40378.0^Tourist,,,,,,,,
477944.0^Music On The Brain Volume 1,,,,,,,,
219686.0^Appease,,,,,,,,
175583.0^Patricia Vonne,,,,,,,,
37744.0^Bone Palace Ballet,,,,,,,,
366652.0^NOW That’s What I Call Music! 89 [UK],,,,,,,,
209923.0^Ghost Thief,,,,,,,,
29310.0^I-Feel-Like-I’m-Fixin’-to-Die,,,,,,,,
163101.0^Great Expectations,,,,,,,,
271427.0^Ready to Dare,,,,,,,,
245604.0^Behind Silence and Solitude,,,,,,,,
266061.0^Half Way Home,,,,,,,,
200462.0^Testimony of the Ancients,,,,,,,,
204560.0^Chicks and Speed: Futurism,,,,,,,,
159116.0^Reach Out,,,,,,,,
223044.0^We Love the City,,,,,,,,
245839.0^Dark Avenger,,,,,,,,
301468.0^Storms of Apocalypse,,,,,,,,
77982.0^Framed ,,,,,,,,
175361.0^Close to Home,,,,,,,,
170859.0^Not That Kind,,,,,,,,
134251.0^You Can’t Take It With You,,,,,,,,
519800.0^Travellin’ Blues,,,,,,,,
210033.0^Filth,,,,,,,,
121678.0^All-American Boy,,,,,,,,
257309.0^Caution Strong Irritant,,,,,,,,
258212.0^Night and Day,,,,,,,,
233359.0^The Charles C. Leary,,,,,,,,
271226.0^Glass Shadows,,,,,,,,
189382.0^Consequence of Power,,,,,,,,
212493.0^I’ve Got My Own Hell to Raise,,,,,,,,
186675.0^Supermodels,,,,,,,,
117715.0^Time* Sex* Love*,,,,,,,,
118017.0^Soldier,,,,,,,,
284605.0^Electric Relics,,,,,,,,
259471.0^In the Poppy Fields,,,,,,,,
829796.0^The Melancholy Collection,,,,,,,,
315513.0^Rock On,,,,,,,,
248876.0^Uncle Dysfunktional,,,,,,,,
291443.0^The Circle Game,,,,,,,,
119227.0^Carpe Diem,,,,,,,,
310898.0^S.R.O.,,,,,,,,
175767.0^Cherry Kicks,,,,,,,,
179304.0^Wish I Could Dream It Again...,,,,,,,,
3305.0^The Natural,,,,,,,,
185935.0^Stargazing,,,,,,,,
123081.0^Speak. ,,,,,,,,
521645.0^The Rich Man’s Eight Track Tape,,,,,,,,
259238.0^Sugar,,,,,,,,
159876.0^Man-Made,,,,,,,,
315304.0^My Riot,,,,,,,,
216775.0^Soli Deo Gloria,,,,,,,,
171201.0^Broken Star,,,,,,,,
224747.0^Stories,,,,,,,,
218052.0^Love Thy Neighbour,,,,,,,,
6153.0^Paula DeAnda,,,,,,,,
171983.0^Traditions,,,,,,,,
244897.0^Reborn Dogs,,,,,,,,
217888.0^The Frequency E.P.,,,,,,,,
241534.0^The Hope We Forgot Exists,,,,,,,,
134492.0^New Maps of Hell,,,,,,,,
213506.0^No Second Chance,,,,,,,,
229798.0^Throb Throb,,,,,,,,
118192.0^Colours EP,,,,,,,,
175838.0^All Together Separate,,,,,,,,
189600.0^Original Sound Version,,,,,,,,
352630.0^United States Live (Part 2),,,,,,,,
180400.0^Profools,,,,,,,,
64998.0^The Sun Comes Out Tonight,,,,,,,,
760821.0^Back To Work: The Official TP Mixtap Vol. 1,,,,,,,,
455852.0^The Lord Of The Rings: The Return Of The King: The Complete Recordings,,,,,,,,
30844.0^Off The Hook ,,,,,,,,
211433.0^Can’t Talk Medicine,,,,,,,,
20205.0^Supa Dupa Fly ,,,,,,,,
715734.0^Glenn Miller Time—1965,,,,,,,,
238215.0^High & Mighty,,,,,,,,
479547.0^The Life of a Song,,,,,,,,
258085.0^Waves,,,,,,,,
278000.0^Dead End Stories,,,,,,,,
224079.0^Process of Elimination,,,,,,,,
197890.0^Pussysoul,,,,,,,,
186771.0^Crash,,,,,,,,
270223.0^0816,,,,,,,,
86269.0^Vodka & Milk,,,,,,,,
201450.0^Tattoo,,,,,,,,
199999.0^One Day at a Time,,,,,,,,
167247.0^Divinity,,,,,,,,
558505.0^U.S. Retrace,,,,,,,,
231813.0^Celeste,,,,,,,,
152645.0^My Dreams Dictate My Reality,,,,,,,,
114179.0^K.O.B. King Of Brooklyn 2,,,,,,,,
178815.0^Love Everybody,,,,,,,,
148787.0^We Didn’t Say That!,,,,,,,,
26754.0^LP Underground 4.0,,,,,,,,
125319.0^In Context,,,,,,,,
176578.0^Pure Worship (CeCe Winans Presents Pure Worship Performers),,,,,,,,
223413.0^Barchords,,,,,,,,
181117.0^Spirit of the Century,,,,,,,,
246371.0^Smash,,,,,,,,
201204.0^Kings of the Wild Frontier,,,,,,,,
231304.0^The Genocide Machine,,,,,,,,
271406.0^Anthems,,,,,,,,
180871.0^Tutto è possibile,,,,,,,,
177510.0^7,,,,,,,,
157744.0^Standing Ovation,,,,,,,,
118934.0^Age of Aquarius,,,,,,,,
177562.0^Metazoa,,,,,,,,
107115.0^The Resistance: Rise of the Runaways,,,,,,,,
196750.0^Pebble,,,,,,,,
185781.0^Harvest,,,,,,,,
327730.0^One Step Closer,,,,,,,,
302442.0^Darkness Falls,,,,,,,,
119073.0^Control,,,,,,,,
245732.0^Endangered Species,,,,,,,,
237218.0^Close and Counting,,,,,,,,
15140.0^The Light of The Sun,,,,,,,,
125790.0^Swings and Roundabouts ,,,,,,,,
205873.0^What Burns Never Returns,,,,,,,,
224465.0^Red Harvest,,,,,,,,
30360.0^My Son, The Nut,,,,,,,
214898.0^Little Spark,,,,,,,,
187588.0^California Sounds,,,,,,,,
828322.0^The Complete Shirley Temple Song Book - Original Film Sound Tracks,,,,,,,,
148975.0^Fight the Frequency,,,,,,,,
179284.0^Here and Now,,,,,,,,
257025.0^Feel,,,,,,,,
187735.0^Blueberry Hill,,,,,,,,
177803.0^Darchangel,,,,,,,,
186649.0^Surrender the Sun,,,,,,,,
190921.0^Secret,,,,,,,,
122471.0^Carousel One,,,,,,,,
222980.0^The Best of Emerson, Lake & Palmer,,,,,,,
198935.0^Sweet Fanny Adams,,,,,,,,
188525.0^Fresh Wine for the Horses,,,,,,,,
121458.0^I Never Knew Lonely ,,,,,,,,
190063.0^Fallingwater,,,,,,,,
258923.0^Brian Wilson Reimagines Gershwin,,,,,,,,
111990.0^Mink Car,,,,,,,,
19151.0^Fire & Ice,,,,,,,,
6553.0^Dutty Rock,,,,,,,,
116996.0^Tight Rope,,,,,,,,
228221.0^Christmas,,,,,,,,
