343663^Jeff Healey,
16188^SK Laflare,
287467^Period Tears,
109016^Audio Adrenaline,
41479^Towkio,
18814^VIC MENSA,
356415^Club 8,
357124^Fever Tree,
131046^Supa Bwe,
328729^Jaymz V,
39097^Chris De Burgh,
1104^Carly Simon,
352009^Stephen Kellogg and The Sixers,
352894^Jeff Beck Group,
97739^Rod Stewart,
226153^Paul Newman,
372919^Kaleef,
42960^Kitty Wells,
348556^Arbouretum,
23656^Senses Fail,
23622^Sick Puppies,
368739^Jesus On Extasy,
29964^Studio Farmer,
799^Rap Genius Editors,
1610^Al Green,
351028^Flowing Tears And Withered Flowers,
364838^John K. Samson,
16836^Kyle Lucas,
276^Madonna,
47599^Tyla,
350149^Amy Sky,
353817^Classic Case,
343947^Count Raven,
349636^Kelli Ali,
354348^Trent Willmon,
21100^Oasis,
9001^NATAS,
349123^Big Head Todd and the Monsters,
38586^​a-ha,
183551^C 21,
353544^Mazes,
358250^Blue October UK,
234495^Goldie Teef,
15276^Travis Tritt,
353676^KIDZ BOP Kids,
57506^Big Black,
350483^The Gregg Allman Band,
38157^Bob Seger,
12925^Weezer,
74858^Dallas Frazier,
350928^Bullets And Octane,
324408^Jeremy Camp,
2663^JoJo,
74320^Catch 22,
59566^High Highs,
348865^All Things Bright And Beautiful,
29176^Chumbawamba,
254146^Span,
39196^Robin Trower,
220772^Sinclair Lewis,
356266^Blackmore’s Night,
353861^Endanger,
343625^The Duskfall,
46891^Echo & the Bunnymen,
358882^Worm Is Green,
348469^ItaloBrothers,
26289^Carlprit,
180650^Kate Walsh,
73858^Joan Jett & The Blackhearts,
351104^Spanky and Our Gang,
205949^Abbe May,
349289^Alesha Dixon,
347542^Acid Death,
28985^Silversun Pickups,
1709^Bobby Womack,
353180^Bloodbound,
227645^Cinematic Sunrise,
26960^Peter, Paul and Mary
362480^Dan Mills,
65306^Barbra Streisand,
58171^The Mowgli’s,
373106^Holy Barbarians,
63404^Alabama,
344051^​that dog.,
17236^Judas Priest,
368556^Earl Bostic,
378115^The Music Machine,
354907^Bambole Di Pezza,
411^Lil’ Kim,
368632^Ice Choir,
353871^Impaled Nazarene,
349101^Porter Wagoner & Dolly Parton,
322^Willie the Kid,
162^Sean Price,
5974^Sha Stimuli,
35359^Butthole Surfers,
352590^Sonny & The Sunsets,
357056^Joey Cape,
358683^Pathology,
37349^Shakka,
358370^Burden of Grief,
368101^Detroit Grand Pubahs,
34813^For Today,
349265^Baby V.o.x.,
343783^Ross The Boss,
359080^Hocico,
186680^Peter Cetera,
41560^Ivan & Alyosha,
343870^Robert Cray,
150942^Skeeter Davis,
351139^Anasarca,
374755^Sqeezer,
367520^Lonnie Gordon,
21361^The Devil Wears Prada,
343852^Across The Border,
215996^Danny Schmidt,
357184^Pink Cream 69,
351040^Crime & The City Solution,
19664^America,
80625^Toad the Wet Sprocket,
329188^Arrange,
108740^Le Tigre,
560^Elton John,
86861^Jerrod Niemann,
22163^Iron Maiden,
332421^Charley Pride,
348975^Junior Walker & The All Stars,
371825^Insanity Reigns Supreme,
351758^Nox Aurea,
107300^Balance and Composure,
240001^Anthony Green,
350392^Anagnorisis,
349349^America Gomorrah,
70370^Smog,
372791^Club Decease,
50825^Thievery Corporation,
28134^Alina Orlova,
38489^Manic Street Preachers,
24019^Basement Jaxx,
89582^Paloma Faith,
142964^Tired Pony,
343691^Half Man Half Biscuit,
12261^Old Crow Medicine Show,
73^Jamie Foxx,
358^Mary J. Blige,
350864^Arma Angelus,
358391^Rubyhorse,
348748^Attak,
348631^David Wilcox,
371918^Lanterns On The Lake,
351235^Amputated Genitals,
368475^Paddock Park,
124077^Tom Cochrane,
980^B.J. Thomas,
373806^The Bachelors,
350792^Ana Silvera,
350914^Buke & Gase,
344879^Tomas Ledin,
364097^Tellison,
21034^Alex Clare,
363715^The Ike Reilly Assassination,
367890^Fono,
362136^Jorn,
47372^Roy Orbison,
57349^Attila,
352498^Bodies of Water,
41541^​Da Buzz,
8140^John Mellencamp,
653547^ABS,
189788^The 69 Eyes,
357834^Love/Hate,
16424^Chinx,
352109^Flotsam and Jetsam,
352185^Stardeath And White Dwarfs,
350357^Ambeon,
11523^Pavement,
15912^Swain Turay,
37758^Margot & the Nuclear So and So’s,
355790^The Inchtabokatables,
277697^Rapture Ruckus,
1047108^Jonathan Thulin,
349457^The Bouncing Souls,
326390^Admiral Fallow,
348209^Stevie Ray Vaughan and Double Trouble,
367339^Django Walker,
71517^Michelle Branch,
337964^Vantum Noir & Blue November,
420^Blu,
63012^Cashus King,
20955^Dolly Parton,
356176^Mumakil,
9562^Quo (Group),
229^Redman,
360206^Gurd,
29383^John Prine,
94450^Murder by Death,
348847^A.J. Croce,
171524^Biga Ranx,
57697^Vivian Green,
357366^Pyogenesis,
188779^Doyle Bramhall II,
363906^Ruby Throat,
36267^Yes,
49715^Big Audio Dynamite,
340121^Jana Kramer,
80125^Kehlani,
346707^Coucheron,
347603^Abbie Gardner,
713^​will.i.am,
353494^The Kry,
361936^A Cursive Memory,
352223^Casey Donahew Band,
357695^Melanie Doane,
350693^Johnny Marr + The Healers,
196^Lloyd,
353463^Notre Dame,
237831^Gary Moore,
357365^Hammercult,
349272^Rocco DeLuca & The Burden,
360835^Hidden Tribe,
103765^Burl Ives,
306248^Rozz Dyliams,
251397^Attaque 77,
155284^The Nitty Gritty Dirt Band,
363201^Dismal Euphony,
68350^Adolescents,
25357^Maria Mena,
349425^Blue Rodeo,
351798^Sherrié Austin,
65299^Jon Bon Jovi,
272196^Billy Gilman,
50793^Anouk,
371516^Lynam,
356744^Electrocute,
351693^Anything Box,
344363^Strung Out,
55859^Hoobastank,
11795^Luke Christopher,
85252^Twerps,
108683^Will and The Mix,
108847^The Sensational Alex Harvey Band,
16644^Shahmen,
50611^BAXXXTER,
361063^Bojoura,
16842^Jefferson Airplane,
350520^Kunt And The Gang,
60698^Amos Lee,
351298^Amon Din,
369260^Eugene McGuinness,
68094^The Alan Parsons Project,
367856^Oratory,
358002^Marc Almond,
165570^Emperor X,
25815^The Mountain Goats,
348837^Curved Air,
28882^Slightly Stoopid,
258540^The Virginmarys,
3833^Jack Johnson,
355911^DeGarmo and Key,
211102^Old Man Luedecke,
358728^Grave Desecrator,
348228^Cross Canadian Ragweed,
356274^Heathen,
357865^Jennifer Paige,
15941^The Madden Brothers,
8604^Cherrelle,
348493^Kill Cheerleader,
39198^Emmylou Harris,
370121^Coco Lee,
139580^The Dangerous Summer,
22754^Charlie Daniels,
5342^Lord Infamous,
210713^B.K.P.,
14780^Motörhead,
354119^John Barrowman,
49829^Nick Catchdubs,
12214^Heems,
20179^Troy Ave,
343987^Aaron Shust,
359252^Patterson Hood,
343067^Sonic Syndicate,
344114^Pacific Air,
369486^Daryl Coley,
40926^Foxygen,
16871^​of Montreal,
349104^Bell Book & Candle,
125136^Cold Chisel,
353446^Regency Buck,
348897^Heather Alexander,
34017^The Mamas & The Papas,
3329^Lenny Kravitz,
350163^Alvin Youngblood Hart,
285055^Saxon,
294052^Sara Evans,
355159^Echolyn,
362696^Dopethrone,
343923^Kraan,
364206^John Hartford,
351084^Amity In Fame,
7031^Luther Vandross,
208020^Cassandra Wilson,
1547^Bob James,
361024^Niva,
370888^Richard Cheese,
44044^Corey Taylor,
36556^Chicago,
371465^People Press Play,
322578^Daniel Amos,
355559^Ten Second Epic,
282140^Cry Of The Afflicted,
23748^Sasha,
2233^3LW,
349214^A.R. Kane,
311271^The Aquabats!,
369256^Doom:Vs,
2951172^PUSHIM [JPN],
32823^Bryan Adams,
353459^Ecnephias,
869^Jagged Edge,
65950^The Ataris,
1086352^​ionnalee,
344485^Stacey Kent,
343392^Information Society,
326413^Deana Carter,
187413^John Anderson,
341161^Ashley Scared The Sky,
360452^Shane & Shane,
349866^Israel & New Breed,
259278^Israel Houghton,
347443^The Accüsed,
349568^Big Big Train,
343533^Ingram Hill,
31376^Naughty Boy,
1164^Professor Green,
13465^Emeli Sandé,
12025^The Smashing Pumpkins,
100332^Bobby Caldwell,
27118^Townes Van Zandt,
356504^Torturous Inception,
364591^Slim Whitman,
349705^Ancestral Legacy,
58944^Skeemz & James SwanQo,
353366^Tides of Man,
352262^Tom Baxter,
368875^B-Movie,
34555^Röyksopp,
8674^Dionne Warwick,
41921^Frank Zappa,
370370^Dan Reed Network,
34602^Suzanne Vega,
78159^Miracle of Sound,
348193^Black Era,
12120^Phantom Planet,
526003^Andy Williams,
234463^Kate Miller-Heidke,
347430^Abhinanda,
20922^Sam Lachow,
47797^Ariana DeBoo,
28587^JFA,
353086^Paddy Goes To Holyhead,
79760^Bleach,
717^Emily Dickinson,
364622^Robots In Disguise,
42954^FrankMusik,
34513^Mick Jenkins,
360518^Peter Green,
71513^ALL,
1608972^Alice,
360327^Dave Fredrickson,
56435^SicBoy.,
353990^Gotthard,
1319^Meek Mill,
5760^Gillie Da Kid,
349974^Blood Has Been Shed,
275474^Glee Cast,
998537^Heather Morris,
17949^Jason Aldean,
1008661^Demba Nabé,
60680^Staind,
360855^Bobby Sherman,
191240^The Spill Canvas,
142821^The Creepshow,
347449^Velvet Acid Christ,
343896^Marillion,
23335^GrandeMarshall,
329727^Pauly Sue,
344843^Bobby Short,
361423^Eilen Jewell,
370738^Nocternity,
26031^Anti-Flag,
216^AMG,
51746^Paralex,
350993^Amestigon,
351190^Courtney Marie Andrews,
350351^Steve Harley & Cockney Rebel,
347605^Liars Academy,
221924^Batgang,
278^Jeremih,
1631^Kid Ink,
859^Gorilla Zoe,
359346^Everything in Slow Motion,
39962^Meat Loaf,
347552^According To John,
182^Yelawolf,
436^Ray J,
332989^The Pigeon Detectives,
7393^Lisa “Left Eye” Lopes,
22636^INNA,
6343^Patrick Stump,
46697^Badfinger,
11822^She & Him,
2187^Horseshoe G.A.N.G,
325097^Dr. Acula,
356826^Fates Warning,
356865^With Honor,
71193^Alphaville,
365211^Von Thronstahl,
356894^The Baseballs,
348567^As They Burn,
325551^Belinda Carlisle,
53779^Noah and the Whale,
359031^Detritus,
36234^Natalie Merchant,
347454^The Minus 5,
6644^Illy,
31638^Jan & Dean,
11082^Anthrax,
2598^Blackstreet,
43100^Raven (Band),
219495^Nunnally Johnson,
219496^Henry Fonda,
348210^Beth Nielsen Chapman,
308664^Paul Weller,
8474^Rehab,
4754^Montell Jordan,
353668^Evocation,
349778^Ammonia,
349498^Nox Arcana,
261387^E.K. Bush,
349545^Louis Armstrong & His All-Stars,
349310^Annihilator,
1450^YG,
54521^Charley Hood,
19700^TeeCee4800,
351745^Angel City Outcasts,
40035^AJJ,
3925^Yolanda Adams,
350717^Thieves And Villains,
347582^Aborted,
359980^Mactätus,
349110^Buddy & Julie Miller,
558408^Stalking Gia,
374261^Galactic Pegasus,
83147^Guano Apes,
356932^Paolo Conte,
356513^Macabre,
44763^Sophie B. Hawkins,
1181^The-Dream,
44187^Keane,
357543^Born Against,
348754^Bill Ward,
349505^Aganice,
347602^Motor Ace,
105680^Emil Bulls,
363100^Secret Sphere,
353770^Informatik,
21401^Cutting Crew,
291132^Late Night Alumni,
360081^Strapping Young Lad,
194741^Dr. Jordan,
220144^The Human League,
17582^Brand New,
369411^Normal Generation,
338239^Falkenbach,
347736^Adelphi,
357303^Coil,
366814^Lank The Lord,
59794^Reba McEntire,
1823536^Adagio (BRA),
349865^Seventh Angel,
352779^Christine Anu,
362020^Limp Wrist,
59533^Between the Buried and Me,
348589^Jose Mari Chan,
66318^Matmatah,
360275^Stryper,
353711^The Black Sorrows,
349070^Alix Olson,
359355^LoveLikeFire,
352545^Big Heifer,
157361^Acappella,
354426^Ricky Ross,
140446^Jon Anderson,
344743^Erin O’Donnell,
344028^Demis Roussos,
352401^One Bad Pig,
16004^Neutral Milk Hotel,
20619^The Dead Milkmen,
342538^Madison Avenue,
185301^​dEUS,
349841^Seals and Crofts,
343252^Clarence Clarity,
351865^We Are Lions,
66000^Behemoth,
361189^Graham Parker & The Rumour,
350572^John Doe and The Sadies,
26504^Julian Marley,
356522^DJ Encore,
303434^Mary Chapin Carpenter,
350629^Andy Bell,
331907^Mel Tillis,
349015^Candice Alley,
40282^Bette Midler,
364113^Emitt Rhodes,
359092^The Letters Organize,
47585^Ron Sexsmith,
62307^Athlete,
13741^Eli Young Band,
40927^Tony Bennett,
354467^Midnight Odyssey,
140352^Jack Beats,
2079933^Fernando Ortega,
8311^P.O.D.,
20692^Arch Enemy,
80105^Electric Callboy,
56172^Troy NōKA,
8172^Steven Curtis Chapman,
353125^Tubelord,
38362^The Comsat Angels,
328876^EVEREST,
324662^The Speed of Sound in Seawater,
362080^Hank Locklin,
346464^Avantasia,
353294^The Mr. T Experience,
348199^Big Sugar,
358427^Arwen,
69114^Creature Feature,
348887^Mose Allison,
174495^The Academy Is...,
365041^Feargal Sharkey,
365657^Devil Lee Rot,
33876^The Specials,
1080^Walt Whitman,
25943^​​alt-J,
48031^Amanda Lameche,
344055^Nasum,
153859^A. B. Schmidt,
361295^Blut Aus Nord,
67293^Cass McCombs,
354628^The Jayhawks,
351300^Big Audio,
298648^HammerFall,
39364^Haven,
360357^GrimSkunk,
128718^Mathilde Santing,
349332^North Mississippi Allstars,
356473^The Butterfly Effect,
373382^Larry Howard,
343632^Death in June,
5126^Glenn Lewis,
18713^Chris Young,
39195^Al Stewart,
350067^All The Right Moves,
351605^The Autumn Offering,
272199^Ty Herndon,
367340^Greg Trooper,
350456^Andy Davis,
239255^PRhyme,
547^Killer Mike,
11353^ScHoolboy Q,
326639^DJ Outta Space,
1054301^Young Sizzle,
245150^Nephew Texas Boy,
326638^Ethan Sacii,
326637^Spiiker,
344634^Cinerama,
149945^Atom and His Package,
39114^Small Faces,
988556^Stanley Unwin,
33317^Judy Collins,
344778^Jason Boland & The Stragglers,
35595^Dave Brubeck,
349382^Atomic Kitten,
349030^Bitch and Animal,
14148^Rapsody,
16408^Heather Victoria,
349192^Dave Carter & Tracy Grammer,
349538^All Ends,
225129^The Ocean Collective,
350146^Amebix,
339^Mýa,
61116^The Format,
354867^Warzone,
32618^Slade,
299934^Anthony Munday,
299933^Henry Chettle,
842^William Shakespeare,
357391^Kaddisfly,
240174^J. Roddy Walston and The Business,
365737^Zombie Girl,
7370^Blu Cantrell,
348970^Eric Burdon & The Animals,
364727^Silke Bischoff,
353053^DoubleDrive,
348536^Blue System,
125285^​The Fall,
284115^Adagio,
333234^Ja’Cory Lavine,
334161^Calling All Cars,
362836^Von Hertzen Brothers,
181255^Ted Leo and The Pharmacists,
349429^Burning Brides,
348561^Christopher Jak,
292139^Citizens,
232595^Mrs. Solomon,
343724^Malevolent Creation,
311090^Abigor,
16657^Bayside,
363548^Hope For Agoldensummer,
299982^Blindside,
230^Cassidy,
27570^Elbow,
186659^Periphery,
351119^Deborah Anderson,
18425^The Living Tombstone,
11735^SBTRKT,
42422^Men at Work,
43954^How I Met Your Mother,
256795^Warren Barfield,
353804^Gene Loves Jezebel,
365890^Crimson Moonlight,
147136^Sidewalk Chalk,
359400^The Reasoning,
353111^Sarah Geronimo,
66999^Neon Jungle,
355318^Crowbar,
142418^Eva Cassidy,
349390^Boy Kill Boy,
45341^Courtney Love,
39639^John Steinbeck,
344805^Barathrum,
42368^D-A-D,
800^Bee Gees,
33925^​mclusky,
464^Tha Dogg Pound,
76227^Super Furry Animals,
290876^Beachwood Sparks,
125168^Codeine,
356837^Michael Kiske,
161176^Cold,
47873^Lost In The Trees,
14837^MONKEY MAJIK,
357065^Róisín Murphy,
331904^Kathy Mattea,
11620^Skizzy Mars,
173069^Hey Rosetta!,
58765^Lobo,
669661^Anni-Frid Lyngstad,
8373^Peter Andre,
353481^Labyrinth,
100713^The Supremes,
137982^Lard,
62864^Eric Saade,
358738^Ruth-Ann,
1235^Marsha Ambrosius,
213822^Johnny Hollow,
348994^Alabama Thunderpussy,
1425^Brandy,
359212^Green Lizard,
131685^Bess Rogers,
334683^The Mavericks,
223784^Lee DeWyze,
367836^Junction 18,
354801^Too Pure To Die,
248390^Bauhaus,
348706^Red Wanting Blue,
75162^Alter Bridge,
364096^Gryphon,
348923^Cindy Alexander,
72331^Frank Black and the Catholics,
348785^Life of Agony,
270499^Katrina Elam,
343744^Catamenia,
25796^Phish,
359201^Luminate,
351608^Autumnia,
67595^Godsmack,
364719^Surfdog7,
356347^Darwin Hobbs,
230568^Chunk! No, Captain Chunk!
362974^One Without,
353547^Suzi Quatro,
368634^A Beautiful Silence,
368525^Bare Knees,
149584^Jessi Colter,
233426^Neymar,
56258^Brazil National Football Team,
65023^UEFA Champions League,
289432^Copa del Rey,
29924^FC Barcelona,
66618^La Liga Santander,
338208^Clem Snide,
53153^The Jezabels,
342889^Forth Wanderers,
169000^King Avriel,
15369^A$AP Ferg,
16026^The Civil Wars,
347414^The Pack a.d.,
49962^Danzig,
697732^C Dot Castro,
350388^Ashley Stove,
322585^Puppet,
1217069^The Eden Project,
17588^Cold War Kids,
357926^Helen Love,
359120^Highlord,
51595^Ella Eyre,
455^Lil B,
371485^Cory Branan,
66965^TISM,
335658^Michael W. Smith,
344426^Angel Witch,
128013^Crosby, Stills & Nash
360612^Cadaveria,
142473^Aztec Camera,
347672^Reubens Accomplice,
351831^Butch Walker and the Black Widows,
348824^The Modern Age Slavery,
303167^Icarus The Owl,
292714^Integrity,
264360^Rose Falcon,
35981^La Dispute,
662460^Jeremy Bolm,
50667^Sonata Arctica,
237185^Fat Mondo,
343787^The Wedding Present,
1802384^NBA,
368179^A Thousand Falling Skies,
34959^Maylene and the Sons of Disaster,
166240^Marty Balin,
347673^Abigail,
106322^Lou Bega,
1845903^Wizard (Band),
349142^Alex Baroni,
41462^Andrew Lloyd Webber,
1139986^Sally Dexter,
1139981^Summer Strallen,
1602^Stevie Wonder,
360772^Breathless,
229297^Bodyrockers,
361558^Reverend Horton Heat,
37184^Joan Baez,
138818^Joseph Arthur,
337585^Sintax.the.terrific & DJ Kurfu,
10395^Sintax the Terrific,
329908^Adrenaline Mob,
353117^Nurses,
363104^Vince Neil,
139756^Velvet Revolver,
8356^Porno for Pyros,
185849^Reptar,
249456^Recorders,
68157^The Righteous Brothers,
358764^Jonquil,
50885^Zed (New Zealand),
58994^Boys Like Girls,
1897^Kenny Loggins,
8662^The Jackson 5,
55618^Amy Macdonald,
331908^Rosanne Cash,
354669^The Dream Syndicate,
367682^Emberghost,
25230^Sweet,
47994^Akuma_Got_Bars,
298981^Billie Myers,
344939^Al Jarreau,
269459^The Connells,
326549^Carolina Liar,
370130^Catch,
374081^You Won’t,
357591^The Kingsbury Manx,
1039^MC Hammer,
124113^Donald Fagen,
362408^Mike + the Mechanics,
370999^Salacious Gods,
126406^Steve Winwood,
359067^Dead In The Dirt,
344842^Fr/action,
354545^Glenn Hughes,
77^DMX,
343795^Jim White,
28684^Guided by Voices,
19052^ARK,
358121^Dandi Wind,
356089^Sophie Zelmani,
351053^Phoenix And The Turtle,
12109^Lil Debbie,
1098575^Aliky,
349161^Adam Arcuragi,
337983^Allison Moorer,
354570^A Life Divided,
36594^Siouxsie and the Banshees,
23360^Cap’n Jazz,
13163^Earth, Wind & Fire
216530^Big Black Delta,
363725^Bradley Hathaway,
357612^Godhead,
1444^Jennifer Hudson,
357220^Josh Clayton-Felt,
344760^U.D.O.,
348574^Charlie Major,
39212^Nick Cave & The Bad Seeds,
355314^Five Knuckle,
240888^Wampire,
352219^A Backward Glance On A Travel Road,
82338^Ladyhawke,
349702^Ben Harper and Relentless7,
38335^Def Leppard,
348832^All Star United,
22481^Jeff Buckley,
344691^Sammy Davis Jr.,
166040^Ace Wilder,
18697^Sole And The Skyrider Band,
355244^Engelbert Humperdinck,
334023^Corey Smith,
367173^Raven-Symoné,
355112^Klaatu,
348817^Sick of It All,
248043^Ramblin’ Jack Elliott,
349098^Big D And The Kids Table,
354292^Vicky Beeching,
354368^No Angels,
4647^Tha Chill,
1436^MC Ren,
359216^SIG:AR:TYR,
345313^We have band,
229140^Animaniacs,
8619^Billy Ocean,
343895^Autopsy,
348921^Adequate Seven,
26577^Aminé,
344546^Her Bright Skies,
368501^The Cox Family,
14490^Berner,
310^Wiz Khalifa,
353352^ThouShaltNot,
349999^Arthemesia,
27166^Scorpions,
55732^Paul Schrader,
55731^Martin Scorsese,
2013^P.M. Dawn,
232^Black Rob,
181512^Damez,
344801^Elevator To Hell,
151889^Lea Salonga,
51547^The Blood Brothers,
134224^The Yardbirds,
349432^Discordance Axis,
354927^Sydney,
335644^Anal Stench,
350140^Vanessa Amorosi,
308109^Idaho,
344383^Carman,
8359^Black Lips,
349149^Anne Clark,
350866^Arthemis,
33238^Lil Bibby,
178714^Jason Donovan,
35128^Paigey Cakey,
37878^Ratlin,
212028^YamIxy,
137083^Girls Aloud,
358981^Galadriel,
147603^Laidback Luke,
107^Lil Jon,
15792^Steve Aoki,
354352^Hal Ketchum,
262105^Black Gold,
349333^Altaria,
367416^State Of Man,
96049^The Faceless,
327132^Captain Beefheart & His Magic Band,
2968^Ky-Mani Marley,
347782^Acrophet,
351963^Ari Hest,
1734146^The Blackout (Welsh band),
68020^T.S.O.L,
354717^Doro,
271491^Spector,
24626^The Presidents of the United States of America,
644^Animal Collective,
339194^Skip The Foreplay,
174395^Relly Jade,
346215^INDEEDFACE,
156467^Minty Burns,
360176^The Exies,
86379^Greg Lake,
75851^All That Remains,
349148^Dead or Alive,
344601^All Levels At Once,
354497^The Tear Garden,
350451^Allister,
359864^The Primitives,
339102^Jay and the Americans,
42885^Allan Sherman,
353948^Tonéx,
123531^Darren Hayes,
256428^Ziggy Marley & The Melody Makers,
23214^Justin Nozuka,
367158^Micah Stampley,
347423^The Dream Academy,
362874^Bruce McCulloch,
210793^Gregory Alan Isakov,
363113^Tearwave,
347659^Tribe After Tribe,
63826^The Vandals,
13498^Prof,
1222632^LAKE (Band),
353523^Endeavor,
226426^Jamie’s Elsewhere,
50323^Co Campbell,
14035^Andy Mineo,
209067^S. Carey,
371091^Flangers,
20783^The Allman Brothers Band,
12709^Sam Sparro,
360323^Far From Finished,
347479^Abstract Spirit,
1117556^Majesty (Band),
46245^Hood,
196907^Liberty X,
193306^Emery,
936^Kardinal Offishall,
1416445^Miss Raelene,
350135^Ana Kefr,
202359^Daniel Striped Tiger,
2588^Jon Connor,
327742^Derrol Adams,
211596^Christian Walz,
197023^Julee Cruise,
96967^Lil Jack,
6123^T-Rock,
348809^Paralysed Age,
344928^The Walkabouts,
342892^Piers Faccini,
343611^Captain Everything!,
66715^Sports Genius,
358379^Stephan Eicher,
343760^Filligar,
349567^Bitch Alert,
349554^David Bridie,
352990^J.J. Cale & Eric Clapton,
49644^Volbeat,
11706^Pepper,
35519^They Might Be Giants,
2121^Heavy D,
267^Q-Tip,
202^Big Daddy Kane,
847^Kool G Rap,
3486^Grand Puba,
1125^Pete Rock & C.L. Smooth,
32784^Ella Fitzgerald,
364183^Draconic,
355388^Proto-kaw,
348550^Donny & Marie Osmond,
348386^Sarah Bettens,
355384^Soulscar,
13168^Citizen,
132788^Ian Anderson,
11671^MC Frontalot,
350539^Alistair Griffin,
349179^All Out War,
156894^Ben Lee,
64801^Mandy Moore,
362005^Comet Gain,
353884^Mike Garrigan,
342533^Quadrivium,
20149^Bracket,
9239^Ozomatli,
158503^Busted,
351061^Phats & Small,
344006^Johnny Q Public,
347576^Luna Ad Noctum,
39793^​clipping.,
16518^Open Mike Eagle,
161398^Signor Benedick the Moor,
14273^Nocando,
327545^Barcode,
24533^​my bloody valentine,
139792^Funeral for a Friend,
351318^Baby Woodrose,
324815^Mark Chesnutt,
254295^Madina Lake,
349785^Alcazar,
355585^Warner Mack,
348461^Anarchus,
354473^Stan Freberg,
1025088^Daws Butler,
140933^Nile,
360217^McAuley-Schenker Group,
26169^Disciple,
349064^Monty Alexander,
2274^Remy Ma,
9724^Eek-A-Mouse,
359515^Jacob’s Dream,
186564^Tyrone Wells,
59462^John Lee Hooker,
39169^Edwin McCain,
372326^Sara Haze,
23917^Kevin Devine,
91051^The Left Rights,
362478^Midnight Star,
214013^The Stranglers,
202456^Mikey McCleary,
336594^Shalmali Kholgade,
235275^A-Villa,
2313^Guilty Simpson,
323869^Ava Villagomez,
349306^Therefore I Am,
277640^Infinite Sidd,
7760^Heart,
361565^The Rising,
44080^Migos,
234513^Hoodrich Pablo Juan,
20194^Jose Guapo,
47103^Peewee Longway,
354399^Shannon Noll,
72989^M. Ward,
360279^Ijahman Levi,
20877^Da’ T.R.U.T.H.,
60437^Fifth Harmony,
356798^Oppenheimer,
348374^The American Life,
360889^Dark Lunacy,
1029860^Villains (2),
351875^Persephone’s Bees,
711^Misfits,
13060^Charles Aznavour,
344960^Mortician,
371553^Die Monster Die,
52578^Archers of Loaf,
355061^Felix Marc,
352474^Romanovsky And Phillips,
1805045^Kyla (PHL),
2444^Pimp C,
361001^Avey Tare & Kría Brekkan,
29986^Ten (UK),
228646^The Wailin’ Jennys,
182621^Mystery Skulls,
348885^Akercocke,
12131^Alkappa,
41918^Marlon Diddy,
261272^Accept,
367697^Harpo,
349553^Amanda Wilkinson,
356038^Crionics,
349448^Benoît Pioulard,
28632^Hank Williams,
359920^Oxiplegatz,
334663^Robert Earl Keen,
682^Faith Evans,
1177^Taylor Swift,
349869^Ambitions,
349172^Harry James,
126478^Chad and Jeremy,
362472^Omega Lithium,
362802^The Belle Brigade,
347453^Ace Troubleshooter,
990585^Bill Hutton,
152661^Lifter Puller,
166056^Little Simz,
262637^Buffy Sainte-Marie,
214460^M-Beat,
6234^Jamiroquai,
111560^BeatKing,
24503^Fat Pimp,
347509^Act Of God,
2484340^Stretch Arm Strong (Band),
354585^Eartha Kitt,
44464^Seinfeld,
235216^The Lucksmiths,
348977^The Agonist,
348878^Amen Corner,
224761^Azari & III,
42546^WILDLIFE!,
58513^YGTUT,
361122^The Dylans,
34886^10cc,
355757^Ozma,
349569^Life Sex & Death,
1664^The Temptations,
335948^Amy Grant,
337628^Natalie Grant,
350013^Saint Alvia,
344360^The Cats,
284764^Communist Daughter,
4168^8Ball,
748^Goodie Mob,
348191^Rupesh Cartel,
8658^Jackson Browne,
26429^David Choi,
353224^White Kaps,
13587^Ron Pope,
309106^Sgrindle,
54039^Anonymuz,
170598^Jonatha Brooke,
231138^Matthew Good Band,
8437^New Kids On the Block,
83348^Gloria Estefan,
158283^Buried In Verona,
344900^All About Eve,
361364^Seven Witches,
373642^Captain Chaos,
15181^Nameless,
75^Styles P,
180811^Jack Savoretti,
370475^Presto Ballet,
355430^Thou,
372171^​The Mission,
220274^Wicca Phase Springs Eternal,
34861^Rocket Science,
255581^Colt Chronic,
310322^Diana Krall,
360983^The Last Broadcast,
374209^The Twenty Twos,
61250^Speed on the Beat,
324304^Iyanya,
230724^Supreme Judicial Court of Massachusetts, Suffolk
63717^Bell X1,
224118^Wumen Huikai,
38283^New Model Army,
9971^Shawn Desman,
64645^Ja, Panik
396^Wale,
343967^Southside Johnny & The Asbury Jukes,
350225^Blue Highway,
360613^Psyche,
1194^Soulja Boy,
35816^Pete Seeger,
352027^Ghost Bees,
1159064^Vixen (Rock),
65711^Azaïa,
1035526^John Robinson,
205004^Snapcase,
2057^Hoodie Allen,
23998^Everclear,
61627^Goldfinger,
236^​dead prez,
348944^Left Alone,
348573^Battle of Mice,
39650^Five for Fighting,
115216^Bonnie Raitt,
164461^Pig Destroyer,
67316^Beach Fossils,
327838^Thug Notes,
327901^Sparky Sweets PhD,
51684^Melanie,
359902^October Falls,
25916^Tears for Fears,
247000^Ronnie Milsap,
364511^Moonlight Agony,
8685^Beres Hammond,
432^Chris Webby,
204813^Throwing Muses,
277061^Leigh Nash,
64922^Hootie & the Blowfish,
361867^Jasmine Trias,
19901^Genesis,
338193^The Be Good Tanyas,
27983^Rap Genius,
2236^Kirko Bangz,
330175^Chemlab,
2675^Ashanti,
349225^Die Apokalyptischen Reiter,
34000^The Microphones,
100916^Bob Geldof,
348862^Agatus,
357692^Eleanor McEvoy,
349031^Angels & Agony,
344584^The Wedding,
343711^Beady Belle,
361535^Nocturnal Rites,
131808^NEEDTOBREATHE,
349063^Perry And The Poor Boys,
359835^Lindisfarne,
30419^Rancid,
49866^Phillip Phillips,
349560^Autumn (Band),
36519^SR-71 (Rock),
1051^Mario Winans,
350380^Tina Arena,
361525^Hardcore Superstar,
150864^Pessimist,
342160^Arno,
345433^Delbert McClinton,
325495^Gregorian,
305164^Harry Connick, Jr.
344887^Incognito,
369943^John-Christian Urich,
48101^Laura Branigan,
353639^June Tabor,
271741^Florrie,
344573^Eugene Kelly,
51926^Tindersticks,
92237^Blood on the Dance Floor,
347442^Abused Majesty,
309211^Johnny Mathis,
287490^FrankJavCee,
357978^Lividity,
352601^Ayiesha Woods,
1940406^Jeremiah Jae & Oliver the 2nd,
360522^After Feed-Back,
350582^Cops And Robbers,
4018^Bran Van 3000,
11185^The Neville Brothers,
356916^Morgana Lefay,
8366^CeCe Winans,
350561^Johnny Clegg and Savuka,
65926^Amorphis,
353169^Statemachine,
351099^Anita Cochran,
32622^Nat “King” Cole,
354263^Imperiet,
367124^John P. Kee,
352623^Doug Anthony Allstars,
352184^Animal Alpha,
35894^REO Speedwagon,
356942^Eidolon,
343736^Beverley Knight,
354921^The Karelia,
349081^Faith Assembly,
369095^The CNK,
136692^Joe Jackson,
332382^Balkan Beat Box - בלקן ביט בוקס,
331336^The Pop Group,
371470^Ryan Malcolm,
53538^Jarell Perry,
347457^Adam Brand,
35498^The Art of Noise,
368300^Dehumanized,
213754^Athena,
49970^Streetlight Manifesto,
365265^Represent!,
347486^3rd Root,
350591^Death Angel,
27606^Young Chop,
16808^Chief Keef,
6596^Slayer,
284996^Viza,
373917^The Hive Dwellers,
30461^Girls,
350604^Pride & Glory,
77660^A.W.,
343595^Erin McKeown,
343535^JJ Heller,
358356^Conception,
365487^Until the End,
362855^Panic Lift,
344545^Gregg Allman,
22760^Keith Urban,
32085^Eric Church,
357140^E-Type,
983588^Nana Hedin,
64447^Sleater-Kinney,
229934^Denai Moore,
10292^Vell,
25005^Ty Dolla $ign,
347776^Noise Addict,
367378^Kinnie Starr,
350876^Arthur Brown’s Kingdom Come,
65109^Rich The Kid,
12504^Rockie Fresh,
638^Stalley,
239979^Michelle Chamuel,
354101^Duraluxe,
35857^Montana of 300,
356929^Spirogyra,
362849^Patterns,
42627^King Missile,
344540^Carter’s Chord,
348637^David Wilcox (CA),
354871^Pure Prairie League,
348437^Bob Sinclar,
353418^Wet Wet Wet,
369895^Rehasher,
30975^William Faulkner,
232418^All Them Witches,
28889^Laibach,
355479^Linea 77,
54594^Epica,
349250^Angie Aparo,
213444^$UICIDEBOY$,
226792^TrippyThaKid,
224953^Lady Augusta Gregory,
8243^R.E.M.,
30607^Ween,
349979^Erick Baker,
349722^Aleesha Rome,
368877^A Whisper in the Noise,
349577^Audience,
54852^Aly & AJ,
350022^The Amsterdams,
362366^58,
2503959^Mesh (UK),
657775^Neil Taylor,
1020523^Richard Silverthorn,
1020522^Mark Hockings,
8431^Guy,
327943^The Blue Aeroplanes,
364797^Bloodrock,
66596^Snuff,
360377^Chiasm,
73414^I.N.X,
34709^Bow Wow Wow,
349564^Aftershock,
360179^Disbelief,
143749^Flipper,
354297^Malcolm Middleton,
42081^Surfer Blood,
52599^John Calvin,
1204329^Solstice (USA),
351902^Slowmotion Apocalypse,
23594^Indigo Girls,
223361^Kaki-No Moto No Hitomaro,
223350^William N. Porter,
347590^Abra Moore,
32649^David Essex,
149138^Anne Murray,
347600^Abney Park,
182584^August Burns Red,
137170^​the bird and the bee,
68102^Waylon Jennings,
332507^Fresh Body Shop,
347581^ActionReaction,
272972^Louis Jordan,
4748^Nivea,
356236^Fleshcrawl,
16826^Say Anything,
348431^Better Luck Next Time,
1692^Kool Keith,
112858^Superchick,
364617^Half Past Forever,
65359^Building 429,
23881^The Head And The Heart,
360237^Carmen Rasmusen,
351864^Bachman & Turner,
350368^I Am Giant,
356742^The Donnas,
351689^Blank & Jones,
2957^Fatboy Slim,
285845^Brother Cane,
75518^Gang of Four,
228897^Alexi Murdoch,
349198^The Birthday Party,
124730^Journalist 103,
730^Fashawn,
583^Saigon,
59219^Irene Cara,
69489^Joy Electric,
50824^Nick Drake,
1798651^Gabrielle Drake,
359000^Mondo Generator,
348935^Al Atkins,
357566^Provision,
362869^Anorexia Nervosa,
362759^Earthlings?,
355827^J Church,
61066^Hugh Bloww,
27938^Sonny Digital,
9688^QUE.,
307687^Future Bible Heroes,
343536^Crawling Chaos,
356138^The Infamous Stringdusters,
152321^I Set My Friends On Fire,
15380^Paperboys,
351892^Forever It Shall Be,
3289145^The Almighty (metal band),
6522^Spit Syndicate,
133892^Cisco Taraves,
7023^Solo,
350436^Look Back And Laugh,
4050^Immortal,
360917^Riddlin’ Kids,
368801^Legacy Five,
371024^Krister Linder,
374608^Big City Dreams,
351604^Baby Dayliner,
8417^James Brown,
337057^Chuck Prophet,
49926^Hall & Oates,
350856^Tre Allegri Ragazzi Morti,
363378^Camber,
1641^Hurricane Chris,
332250^David Allan Coe,
315288^Ardijah,
350735^Bob & Doug McKenzie,
363163^Geddy Lee,
349275^Amy Dalley,
344976^Geva Alon - גבע אלון,
352274^Bad Bones,
363665^Sonia Dada,
365536^Insect Warfare,
132054^A Touch of Class,
43843^Patsy Cline,
134635^Savoy Brown,
37327^Susanne Sundfør,
333917^Billie the Vision and the Dancers,
368433^Benjy Davis Project,
347680^Abomination,
344646^Necromantia,
105726^Katrina and the Waves,
348540^Casey Jones,
23836^Theory of a Deadman,
348581^Houston Calls,
347757^Accursed Dawn,
179437^Mississippi Fred McDowell,
104451^Janis Ian,
359695^Lewis Taylor,
362872^TW Walsh,
8357^Alice Cooper,
45^Eminem,
123^Dr. Dre,
344744^The Evan Anthem,
352793^Anne Sofie von Otter,
24847^Further Seems Forever,
349394^Broken Hearts Are Blue,
8345^(hed) p.e.,
353741^Fenrik Lane,
286994^Blue County,
362179^Morda,
264359^The Cheetah Girls,
70655^Esben And The Witch,
349732^Albert Lee,
335719^Sawyer Brown,
23959^Key Nyata,
233449^Ernest Vincent Wright,
348411^Callalily,
371967^Dreadnaut,
368097^Rob Gardner,
65343^MDC,
354945^Dear Reader,
356761^Bury Your Dead,
67702^Jane Siberry,
358410^Diabolical Masquerade,
351627^David Arkenstone,
188344^The Get Up Kids,
11979^Gilbere Forte,
35398^Sophie Ellis-Bextor,
361842^Shawn Mullins,
335977^Shelby Lynne,
68097^Billy Squier,
358088^Superbutt,
7709^RAYE,
44648^Last Resort,
33767^Kat Dahlia,
350714^And Then There Was You,
33831^Ambulance LTD,
350457^And Oceans,
65490^Jerry Lee Lewis,
190503^The Word Alive,
1107^B.B. King,
34723^Taking Back Sunday,
123113^Del Amitri,
349321^The Ames Brothers,
349312^Amberlife,
2098104^Presence (USA),
1896^Marques Houston,
988^Shawnna,
6094^Guerilla Maab,
344494^BZN,
26729^ECID,
60327^Mindy Smith,
3905^Bone Crusher,
349282^Carrie Newcomer,
15736^Frenchie,
21804^C-Block,
41274^Breathe (U.K),
344650^Sweetbox,
144^Kelis,
39868^Bonnie Tyler,
538^Chrisette Michele,
356109^Gowan,
238496^ContraBAND,
364060^Ruslana,
357867^Matt Costa,
356135^Rose Maddox,
358608^Maxeen,
354081^Tri Yann,
356507^Moi Dix Mois,
56131^Tonio,
2055^Alkaline Trio,
39965^Randy Travis,
73576^Joan of Arc,
60084^Merriam-Webster,
327407^Blackfield,
3107^Twiztid,
291917^Poison the Well,
39690^Fresh Moss,
289513^Leo Sayer,
343512^Chimaira,
363396^Freddie And The Dreamers,
17816^Mike Mictlan,
4440^Ceschi,
289565^The Fine Print,
354025^Twothirtyeight,
354270^The Derek Trucks Band,
360515^Michelle Malone,
2172^Sally Anthony,
223098^Aura Dione,
20765^Rock Mafia,
360651^Johnny Clarke,
20096^Listener,
353271^GBH,
356653^Elend,
81842^Lazlo Bane,
357699^Perfume,
349373^Caspar Babypants,
54097^Starship,
353860^Monkey Business,
349464^Aloha,
71491^Johnny Marr,
350383^Altar Boys,
353590^Junior Boys,
344870^Jesus Jones,
39163^Mott The Hoople,
18892^NOFX,
369385^Endstand,
50790^Cascada,
229564^Tennessee Titans,
54432^NFL,
349052^Anders Manga,
36530^The Damned,
348859^Ainigma,
332500^Tom T. Hall,
372987^Juliana Hatfield Three,
24366^The Chicks,
349339^U.S. Bombs,
41863^Cannibal Corpse,
16775^Sia,
324872^Addict (Rock),
329634^Reigning Sound,
55414^Fake,
344669^Splinter,
368932^Kim Hill,
367403^Jim Gilstrap,
373936^Luther Barnes,
63636^FKA twigs,
74189^Kenny Wayne Shepherd,
135003^FA Cup,
35512^Tadoe,
31512^The Carter Family,
350528^Amaran,
364978^Gandalf’s Fist,
57424^Saving Abel,
8649^Hi-Five,
76789^Matt Redman,
357144^Another Sunny Day,
74741^The Black Dahlia Murder,
143796^Civil Twilight,
42458^Paul Anka,
2059546^Pandora (SWE),
20799^Chubby Checker,
371052^Dee Dee Sharp,
343597^Glenn Kaiser,
3862^Blaq Poet,
76550^Something Corporate,
221650^Converge,
349305^Pink Turns Blue,
177184^The Almost,
115701^The Album Leaf,
216638^Dennis DeYoung,
234156^Michael Schulte,
17913^Karina Pasian,
1790280^Ryan Adams & The Cardinals,
1338127^Cursed (Band),
37300^Better Than Ezra,
10793^The Cross Movement,
9321^Phanatik,
353531^Divinefire,
69777^Beckah Shae,
354021^Over It,
362619^Appease,
360858^Patricia Vonne,
57561^Chiodos,
221245^Wankelmut & Emma Louise,
344661^Living Sacrifice,
40135^Country Joe and the Fish,
373072^Tasmin Archer,
351149^AnnaGrace,
357799^DeeExpus,
355319^Pestilence,
364647^Lead Into Gold,
141666^The Four Tops,
355093^Hefner,
348694^Dark Avenger,
348670^Bloodthrone,
365009^The Burns Sisters,
317426^Anastacia,
105264^As Tall As Lions,
74862^Jimmie Rodgers,
365136^Waco Jesus,
59770^Steve Grand,
2421717^Abhorrent (BR),
71175^Devendra Banhart,
348393^Mostly Autumn,
348534^Circle II Circle,
350560^Bettye LaVette,
348244^Peter and the Test Tube Babies,
21273^Iggy Pop,
347504^Across Tundras,
344021^The Alarm,
150897^Millencolin,
343684^Alternative Allstars,
44040^Happy Mondays,
261199^Tom Rush,
326110^Tona,
350137^Herb Alpert & The Tijuana Brass,
335979^Caesars,
355228^Novembre,
5448^Mic Geronimo,
180370^Clo,
2992^O.C.,
3613^Royal Flush,
1306689^Alpha,
1311^Teenage Fanclub,
349210^Roger Miret And The Disasters,
349503^Apoptygma Berzerk,
359679^The Broadways,
347492^Addison Road,
354755^Discipline,
3386^Paula DeAnda,
153265^Adamantium,
353526^Holy Moses,
361363^PlayRadioPlay!,
350702^And Then There Were None,
27995^Bad Religion,
23660^Charlie (Band),
361025^Naked Raygun,
271131^Mind Vortex,
349190^All Together Separate,
43761^Laurie Anderson,
359086^DAAN,
78433^Filter,
9795^Tommy Tee,
645^Chingy,
1457013^Diaz (NOR),
26002^Vinni,
350584^Howard Shore,
352189^Ben Del Maestro,
7418^Xscape,
353825^Pickwick,
1529^Missy Elliott,
372472^Glenn Miller and His Orchestra,
353657^Gov’t Mule,
350767^Joey + Rory,
367907^Bitter Ruin,
359199^One Man Army,
347632^Abortus,
353862^Soilent Green,
310288^Decyfer Down,
371020^Bligg,
24664^Two Thirds Tan,
150433^Spiz,
355799^The Creatures,
251753^My Tiger My Timing,
60936^Soko (FRA),
1408^Maino,
352089^Daphne And Celeste,
1581^Linkin Park,
14797^The Palmer Squares,
23976^ProbCause,
220051^Bahamas,
348833^The Blind Boys Of Alabama,
33354^Adam and the Ants,
353773^Circle of Dead Children,
354878^Wedding Party,
358363^Finley,
40274^Gladys Knight & The Pips,
32774^Euroz,
1845567^Cormorant (Metal),
104898^Crown The Empire,
60895^Lemuria,
344757^Naglfar,
310356^The String Cheese Incident,
360174^Caleb Carruth,
66496^Milo Greene,
361521^Des’ree,
362374^Goodnight, Sunrise
1731^Jill Scott,
349800^Amy Diamond,
348519^Don Caballero,
348914^Altar,
351440^Jessie Baylin,
353308^Stevie Ann,
363328^Shirley Temple,
207382^American Hi-Fi,
350566^Worlds Apart,
344460^Human Drama,
26349^Louis Armstrong,
365772^INHEAVEN,
364520^Noctura,
344881^Anna Maria Jopek,
86378^Emerson, Lake & Palmer
356317^Rob Dickinson,
22718^Vince Gill,
84597^Lisa Miskovsky,
57967^Brian Wilson,
20775^Kaskade,
334498^Haley,
740^Sean Paul,
50113^Brooks & Dunn,
360966^Mannheim Steamroller,
